{"$id":"289","definitionId":"3cfe99cfadcb43bd8a658a79a569a16a","versionId":"f84441e1399b4df2ae2faf713d93f2cc","name":"Helpdesk-NewTicketProcess","displayName":"New Ticket /newticket","version":2,"variables":{"$id":"290","data":{}},"customAttributes":{"$id":"291","data":{}},"isSingleton":false,"persistenceBehavior":"WorkflowBurst","deleteCompletedInstances":false,"isPublished":true,"isLatest":true,"createdAt":"2023-12-05T06:30:20.0022655Z","activities":[{"$id":"292","activityId":"6e8a9d08-05a4-4bf1-af62-9327fa471cb8","type":"RunJavaScript","displayName":"Run JavaScript","x":500,"y":460,"persistWorkflow":false,"loadWorkflowContext":false,"saveWorkflowContext":false,"properties":[{"$id":"293","name":"Script","syntax":"Literal","expressions":{"$id":"294","Literal":"var result = {\r\n    \"body\":{\r\n        \"content\": activities.IncomingFormTicket.Output().Body.about\r\n    },\r\n    \"bodyPreview\": activities.IncomingFormTicket.Output().Body.about,\r\n    \"subject\": activities.IncomingFormTicket.Output().Body.Title,\r\n    \"id\": Date.now().toString(36) + Math.random().toString(36).substring(2),\r\n    \"notEmail\": true,\r\n    \"from\":\r\n    {\r\n        \"emailAddress\":\r\n        {\r\n            \"address\": activities.IncomingFormTicket.Output().Body.email,\r\n            \"name\": activities.IncomingFormTicket.Output().Body.name\r\n        }\r\n    }\r\n\r\n};\r\nsetVariable(\"newMessage\", result);\r\n"}},{"$id":"295","name":"PossibleOutcomes","expressions":{"$id":"296"}}],"propertyStorageProviders":{"$id":"297"}},{"$id":"298","activityId":"6c306c9e-a553-49a8-aa69-df67852a83ce","type":"RunWorkflow","displayName":"Run Workflow","x":1240,"y":460,"persistWorkflow":false,"loadWorkflowContext":false,"saveWorkflowContext":false,"properties":[{"$id":"299","name":"WorkflowDefinitionId","syntax":"Liquid","expressions":{"$id":"300","Liquid":"{{ \"HelpdeskEmailProcessor\" | workflow_definition_id}}"}},{"$id":"301","name":"Input","syntax":"JavaScript","expressions":{"$id":"302","JavaScript":"getVariable(\"newMessage\")"}},{"$id":"303","name":"PossibleOutcomes","expressions":{"$id":"304"}},{"$id":"305","name":"Mode","expressions":{"$id":"306","Literal":"DispatchAndForget"}},{"$id":"307","name":"TenantId","expressions":{"$id":"308"}},{"$id":"309","name":"CorrelationId","expressions":{"$id":"310"}},{"$id":"311","name":"ContextId","expressions":{"$id":"312"}},{"$id":"313","name":"CustomAttributes","expressions":{"$id":"314"}},{"$id":"315","name":"RetryFailedActivities","expressions":{"$id":"316"}}],"propertyStorageProviders":{"$id":"317"}},{"$id":"318","activityId":"c3bae8bb-b846-442b-9d78-0cc7f06ee324","type":"WriteHttpResponse","displayName":"HTTP Response","x":900,"y":460,"persistWorkflow":false,"loadWorkflowContext":false,"saveWorkflowContext":false,"properties":[{"$id":"319","name":"Content","expressions":{"$id":"320","Literal":"<html class=\"h-full bg-white\">\n    <head>\n        <meta charset=\"UTF-8\">\n        <meta name=\"viewport\" content=\"width=device-width, initial-scale=1.0\">\n        <script src=\"https://cdn.tailwindcss.com?plugins=forms\"></script>\n        <script>\n            tailwind.config = {\n              theme: {\n                extend: {\n                  colors: {\n                    clifford: '#da373d',\n                  }\n                }\n              }\n            }\n          </script>\n    </head>\n    <body class=\"h-full\">\n        <div class=\"flex min-h-full flex-col justify-center px-6 py-12 lg:px-8\">\n            <div class=\"sm:mx-auto sm:w-full sm:max-w-sm\">\n              <img class=\"mx-auto h-10 w-auto\" src=\"https://tailwindui.com/img/logos/mark.svg?color=indigo&shade=600\" alt=\"Your Company\">\n              <h2 class=\"mt-10 text-center text-2xl font-bold leading-9 tracking-tight text-gray-900\">Thanks for the ticket!</h2>\n            </div>\n          \n            \n          \n              <p class=\"mt-10 text-center text-sm text-gray-500\">\n                It's currently being reviewed and processed by our team. Login to see more.\n                <a href=\"/helpdesk\" class=\"font-semibold leading-6 text-indigo-600 hover:text-indigo-500\">Login or Register here</a>\n              </p>\n            </div>\n          </div>\n    </body>\n</html>"}},{"$id":"321","name":"ContentType","expressions":{"$id":"322","Literal":"text/html"}},{"$id":"323","name":"StatusCode","expressions":{"$id":"324","Literal":"OK"}},{"$id":"325","name":"CharSet","expressions":{"$id":"326","Literal":"utf-8"}},{"$id":"327","name":"ResponseHeaders","expressions":{"$id":"328"}}],"propertyStorageProviders":{"$id":"329"}},{"$id":"330","activityId":"1e71bf20-7f12-4850-8731-34a86ff0dfe5","type":"HttpEndpoint","name":"IncomingFormTicket","displayName":"HTTP Endpoint","x":100,"y":460,"persistWorkflow":false,"loadWorkflowContext":false,"saveWorkflowContext":false,"properties":[{"$id":"331","name":"Path","expressions":{"$id":"332","Literal":"/newticket"}},{"$id":"333","name":"Methods","expressions":{"$id":"334","Json":"[\"POST\"]"}},{"$id":"335","name":"ReadContent","expressions":{"$id":"336","Literal":"true"}},{"$id":"337","name":"TargetType","expressions":{"$id":"338"}},{"$id":"339","name":"Schema","syntax":"Literal","expressions":{"$id":"340","Literal":""}},{"$id":"341","name":"Authorize","expressions":{"$id":"342"}},{"$id":"343","name":"Policy","expressions":{"$id":"344"}}],"propertyStorageProviders":{"$id":"345"}},{"$id":"346","activityId":"e64eb2a6-8a99-4571-892c-9ab5aa7e6c81","type":"SendHttpRequest","displayName":"Send HTTP Request","x":1800,"y":160,"persistWorkflow":false,"loadWorkflowContext":false,"saveWorkflowContext":false,"properties":[],"propertyStorageProviders":{"$id":"347"}}],"connections":[{"$id":"348","sourceActivityId":"1e71bf20-7f12-4850-8731-34a86ff0dfe5","targetActivityId":"6e8a9d08-05a4-4bf1-af62-9327fa471cb8","outcome":"Done"},{"$id":"349","sourceActivityId":"6e8a9d08-05a4-4bf1-af62-9327fa471cb8","targetActivityId":"c3bae8bb-b846-442b-9d78-0cc7f06ee324","outcome":"Done"},{"$id":"350","sourceActivityId":"c3bae8bb-b846-442b-9d78-0cc7f06ee324","targetActivityId":"6c306c9e-a553-49a8-aa69-df67852a83ce","outcome":"Done"}],"id":"f84441e1399b4df2ae2faf713d93f2cc"}