{"$id":"1","definitionId":"SETUPTYPES_a0c277f2-1261-48d9-a402-fd500a84775e","versionId":"1","displayName":"Helpdesk Solution-TYPES","description":"SETUPTYPES_Helpdesk Solution","version":0,"variables":{"$id":"2","data":{}},"customAttributes":{"$id":"3","data":{}},"isSingleton":false,"persistenceBehavior":"WorkflowBurst","deleteCompletedInstances":false,"isPublished":false,"isLatest":false,"createdAt":"1970-01-01T00:00:00Z","activities":[{"$id":"4","activityId":"CreateType_HelpdeskTicket","type":"TypeCreate","name":"CreateType_HelpdeskTicket","displayName":"CreateType_HelpdeskTicket","description":"CreateType_HelpdeskTicket","x":64,"y":128,"persistWorkflow":false,"loadWorkflowContext":false,"saveWorkflowContext":false,"properties":[{"$id":"5","name":"TypeName","syntax":"Literal","expressions":{"$id":"6","Literal":"HelpdeskTicket"}},{"$id":"7","name":"TypeDescription","syntax":"Literal","expressions":{"$id":"8","Literal":"Helpdesk Ticket"}}],"propertyStorageProviders":{"$id":"9"}},{"$id":"10","activityId":"CreateType_TicketState","type":"TypeCreate","name":"CreateType_TicketState","displayName":"CreateType_TicketState","description":"CreateType_TicketState","x":64,"y":256,"persistWorkflow":false,"loadWorkflowContext":false,"saveWorkflowContext":false,"properties":[{"$id":"11","name":"TypeName","syntax":"Literal","expressions":{"$id":"12","Literal":"TicketState"}},{"$id":"13","name":"TypeDescription","syntax":"Literal","expressions":{"$id":"14","Literal":"The State of a Ticket"}}],"propertyStorageProviders":{"$id":"15"}},{"$id":"16","activityId":"CreateType_Users","type":"TypeCreate","name":"CreateType_Users","displayName":"CreateType_Users","description":"CreateType_Users","x":64,"y":384,"persistWorkflow":false,"loadWorkflowContext":false,"saveWorkflowContext":false,"properties":[{"$id":"17","name":"TypeName","syntax":"Literal","expressions":{"$id":"18","Literal":"Users"}},{"$id":"19","name":"TypeDescription","syntax":"Literal","expressions":{"$id":"20","Literal":"List of External Users"}}],"propertyStorageProviders":{"$id":"21"}},{"$id":"22","activityId":"CreateCol_HelpdeskTicket_Submitter","type":"TypeAddColumn","name":"CreateCol_HelpdeskTicket_Submitter","displayName":"CreateCol_HelpdeskTicket_Submitter","x":128,"y":640,"persistWorkflow":false,"loadWorkflowContext":false,"saveWorkflowContext":false,"properties":[{"$id":"23","name":"ObjectType","syntax":"JavaScript","expressions":{"$id":"24","JavaScript":"return \"HelpdeskTicket\";"}},{"$id":"25","name":"ColumnName","syntax":"Literal","expressions":{"$id":"26","Literal":"Submitter"}},{"$id":"27","name":"ColumnDisplayName","syntax":"Literal","expressions":{"$id":"28","Literal":"Submitter"}},{"$id":"29","name":"ColumnDescription","syntax":"Literal","expressions":{"$id":"30","Literal":"Submitter"}},{"$id":"31","name":"ColumnTypeId","syntax":"Literal","expressions":{"$id":"32","Literal":"6"}},{"$id":"33","name":"DisplayOrder","syntax":"Literal","expressions":{"$id":"34","Literal":"2"}},{"$id":"35","name":"Visible","syntax":"Literal","expressions":{"$id":"36","Literal":"True"}},{"$id":"37","name":"Indexed","syntax":"Literal","expressions":{"$id":"38","Literal":"True"}}],"propertyStorageProviders":{"$id":"39"}},{"$id":"40","activityId":"CreateCol_HelpdeskTicket_request","type":"TypeAddColumn","name":"CreateCol_HelpdeskTicket_request","displayName":"CreateCol_HelpdeskTicket_request","x":256,"y":768,"persistWorkflow":false,"loadWorkflowContext":false,"saveWorkflowContext":false,"properties":[{"$id":"41","name":"ObjectType","syntax":"JavaScript","expressions":{"$id":"42","JavaScript":"return \"HelpdeskTicket\";"}},{"$id":"43","name":"ColumnName","syntax":"Literal","expressions":{"$id":"44","Literal":"request"}},{"$id":"45","name":"ColumnDisplayName","syntax":"Literal","expressions":{"$id":"46","Literal":"request"}},{"$id":"47","name":"ColumnDescription","syntax":"Literal","expressions":{"$id":"48","Literal":"request"}},{"$id":"49","name":"ColumnTypeId","syntax":"Literal","expressions":{"$id":"50","Literal":"6"}},{"$id":"51","name":"DisplayOrder","syntax":"Literal","expressions":{"$id":"52","Literal":"3"}},{"$id":"53","name":"Visible","syntax":"Literal","expressions":{"$id":"54","Literal":"True"}},{"$id":"55","name":"Indexed","syntax":"Literal","expressions":{"$id":"56","Literal":"False"}}],"propertyStorageProviders":{"$id":"57"}},{"$id":"58","activityId":"CreateCol_HelpdeskTicket_FullName","type":"TypeAddColumn","name":"CreateCol_HelpdeskTicket_FullName","displayName":"CreateCol_HelpdeskTicket_FullName","x":384,"y":896,"persistWorkflow":false,"loadWorkflowContext":false,"saveWorkflowContext":false,"properties":[{"$id":"59","name":"ObjectType","syntax":"JavaScript","expressions":{"$id":"60","JavaScript":"return \"HelpdeskTicket\";"}},{"$id":"61","name":"ColumnName","syntax":"Literal","expressions":{"$id":"62","Literal":"FullName"}},{"$id":"63","name":"ColumnDisplayName","syntax":"Literal","expressions":{"$id":"64","Literal":"FullName"}},{"$id":"65","name":"ColumnDescription","syntax":"Literal","expressions":{"$id":"66","Literal":"FullName"}},{"$id":"67","name":"ColumnTypeId","syntax":"Literal","expressions":{"$id":"68","Literal":"6"}},{"$id":"69","name":"DisplayOrder","syntax":"Literal","expressions":{"$id":"70","Literal":"4"}},{"$id":"71","name":"Visible","syntax":"Literal","expressions":{"$id":"72","Literal":"True"}},{"$id":"73","name":"Indexed","syntax":"Literal","expressions":{"$id":"74","Literal":"False"}}],"propertyStorageProviders":{"$id":"75"}},{"$id":"76","activityId":"CreateCol_HelpdeskTicket_FirstName","type":"TypeAddColumn","name":"CreateCol_HelpdeskTicket_FirstName","displayName":"CreateCol_HelpdeskTicket_FirstName","x":512,"y":1024,"persistWorkflow":false,"loadWorkflowContext":false,"saveWorkflowContext":false,"properties":[{"$id":"77","name":"ObjectType","syntax":"JavaScript","expressions":{"$id":"78","JavaScript":"return \"HelpdeskTicket\";"}},{"$id":"79","name":"ColumnName","syntax":"Literal","expressions":{"$id":"80","Literal":"FirstName"}},{"$id":"81","name":"ColumnDisplayName","syntax":"Literal","expressions":{"$id":"82","Literal":"FirstName"}},{"$id":"83","name":"ColumnDescription","syntax":"Literal","expressions":{"$id":"84","Literal":"FirstName"}},{"$id":"85","name":"ColumnTypeId","syntax":"Literal","expressions":{"$id":"86","Literal":"6"}},{"$id":"87","name":"DisplayOrder","syntax":"Literal","expressions":{"$id":"88","Literal":"5"}},{"$id":"89","name":"Visible","syntax":"Literal","expressions":{"$id":"90","Literal":"True"}},{"$id":"91","name":"Indexed","syntax":"Literal","expressions":{"$id":"92","Literal":"False"}}],"propertyStorageProviders":{"$id":"93"}},{"$id":"94","activityId":"CreateCol_HelpdeskTicket_MessageId","type":"TypeAddColumn","name":"CreateCol_HelpdeskTicket_MessageId","displayName":"CreateCol_HelpdeskTicket_MessageId","x":640,"y":1152,"persistWorkflow":false,"loadWorkflowContext":false,"saveWorkflowContext":false,"properties":[{"$id":"95","name":"ObjectType","syntax":"JavaScript","expressions":{"$id":"96","JavaScript":"return \"HelpdeskTicket\";"}},{"$id":"97","name":"ColumnName","syntax":"Literal","expressions":{"$id":"98","Literal":"MessageId"}},{"$id":"99","name":"ColumnDisplayName","syntax":"Literal","expressions":{"$id":"100","Literal":"MessageId"}},{"$id":"101","name":"ColumnDescription","syntax":"Literal","expressions":{"$id":"102","Literal":"MessageId"}},{"$id":"103","name":"ColumnTypeId","syntax":"Literal","expressions":{"$id":"104","Literal":"6"}},{"$id":"105","name":"DisplayOrder","syntax":"Literal","expressions":{"$id":"106","Literal":"6"}},{"$id":"107","name":"Visible","syntax":"Literal","expressions":{"$id":"108","Literal":"True"}},{"$id":"109","name":"Indexed","syntax":"Literal","expressions":{"$id":"110","Literal":"False"}}],"propertyStorageProviders":{"$id":"111"}},{"$id":"112","activityId":"CreateCol_HelpdeskTicket_LastChat","type":"TypeAddColumn","name":"CreateCol_HelpdeskTicket_LastChat","displayName":"CreateCol_HelpdeskTicket_LastChat","x":768,"y":1280,"persistWorkflow":false,"loadWorkflowContext":false,"saveWorkflowContext":false,"properties":[{"$id":"113","name":"ObjectType","syntax":"JavaScript","expressions":{"$id":"114","JavaScript":"return \"HelpdeskTicket\";"}},{"$id":"115","name":"ColumnName","syntax":"Literal","expressions":{"$id":"116","Literal":"LastChat"}},{"$id":"117","name":"ColumnDisplayName","syntax":"Literal","expressions":{"$id":"118","Literal":"LastChat"}},{"$id":"119","name":"ColumnDescription","syntax":"Literal","expressions":{"$id":"120","Literal":"Last Chat Discussion with ChatGPT"}},{"$id":"121","name":"ColumnTypeId","syntax":"Literal","expressions":{"$id":"122","Literal":"6"}},{"$id":"123","name":"DisplayOrder","syntax":"Literal","expressions":{"$id":"124","Literal":"7"}},{"$id":"125","name":"Visible","syntax":"Literal","expressions":{"$id":"126","Literal":"True"}},{"$id":"127","name":"Indexed","syntax":"Literal","expressions":{"$id":"128","Literal":"False"}}],"propertyStorageProviders":{"$id":"129"}},{"$id":"130","activityId":"CreateCol_HelpdeskTicket_Escalation","type":"TypeAddColumn","name":"CreateCol_HelpdeskTicket_Escalation","displayName":"CreateCol_HelpdeskTicket_Escalation","x":896,"y":1408,"persistWorkflow":false,"loadWorkflowContext":false,"saveWorkflowContext":false,"properties":[{"$id":"131","name":"ObjectType","syntax":"JavaScript","expressions":{"$id":"132","JavaScript":"return \"HelpdeskTicket\";"}},{"$id":"133","name":"ColumnName","syntax":"Literal","expressions":{"$id":"134","Literal":"Escalation"}},{"$id":"135","name":"ColumnDisplayName","syntax":"Literal","expressions":{"$id":"136","Literal":"Escalation"}},{"$id":"137","name":"ColumnDescription","syntax":"Literal","expressions":{"$id":"138","Literal":"The Team to Escalate to"}},{"$id":"139","name":"ColumnTypeId","syntax":"Literal","expressions":{"$id":"140","Literal":"6"}},{"$id":"141","name":"DisplayOrder","syntax":"Literal","expressions":{"$id":"142","Literal":"9"}},{"$id":"143","name":"Visible","syntax":"Literal","expressions":{"$id":"144","Literal":"True"}},{"$id":"145","name":"Indexed","syntax":"Literal","expressions":{"$id":"146","Literal":"False"}}],"propertyStorageProviders":{"$id":"147"}},{"$id":"148","activityId":"CreateCol_HelpdeskTicket_ParsedRequest","type":"TypeAddColumn","name":"CreateCol_HelpdeskTicket_ParsedRequest","displayName":"CreateCol_HelpdeskTicket_ParsedRequest","x":1024,"y":1536,"persistWorkflow":false,"loadWorkflowContext":false,"saveWorkflowContext":false,"properties":[{"$id":"149","name":"ObjectType","syntax":"JavaScript","expressions":{"$id":"150","JavaScript":"return \"HelpdeskTicket\";"}},{"$id":"151","name":"ColumnName","syntax":"Literal","expressions":{"$id":"152","Literal":"ParsedRequest"}},{"$id":"153","name":"ColumnDisplayName","syntax":"Literal","expressions":{"$id":"154","Literal":"ParsedRequest"}},{"$id":"155","name":"ColumnDescription","syntax":"Literal","expressions":{"$id":"156","Literal":"Chat GPT Parsed Request"}},{"$id":"157","name":"ColumnTypeId","syntax":"Literal","expressions":{"$id":"158","Literal":"6"}},{"$id":"159","name":"DisplayOrder","syntax":"Literal","expressions":{"$id":"160","Literal":"10"}},{"$id":"161","name":"Visible","syntax":"Literal","expressions":{"$id":"162","Literal":"True"}},{"$id":"163","name":"Indexed","syntax":"Literal","expressions":{"$id":"164","Literal":"False"}}],"propertyStorageProviders":{"$id":"165"}},{"$id":"166","activityId":"CreateCol_Users_UserName","type":"TypeAddColumn","name":"CreateCol_Users_UserName","displayName":"CreateCol_Users_UserName","x":128,"y":1664,"persistWorkflow":false,"loadWorkflowContext":false,"saveWorkflowContext":false,"properties":[{"$id":"167","name":"ObjectType","syntax":"JavaScript","expressions":{"$id":"168","JavaScript":"return \"Users\";"}},{"$id":"169","name":"ColumnName","syntax":"Literal","expressions":{"$id":"170","Literal":"UserName"}},{"$id":"171","name":"ColumnDisplayName","syntax":"Literal","expressions":{"$id":"172","Literal":"UserName"}},{"$id":"173","name":"ColumnDescription","syntax":"Literal","expressions":{"$id":"174","Literal":"The UserName"}},{"$id":"175","name":"ColumnTypeId","syntax":"Literal","expressions":{"$id":"176","Literal":"6"}},{"$id":"177","name":"DisplayOrder","syntax":"Literal","expressions":{"$id":"178","Literal":"1"}},{"$id":"179","name":"Visible","syntax":"Literal","expressions":{"$id":"180","Literal":"True"}},{"$id":"181","name":"Indexed","syntax":"Literal","expressions":{"$id":"182","Literal":"False"}}],"propertyStorageProviders":{"$id":"183"}},{"$id":"184","activityId":"CreateCol_Users_Password","type":"TypeAddColumn","name":"CreateCol_Users_Password","displayName":"CreateCol_Users_Password","x":256,"y":1792,"persistWorkflow":false,"loadWorkflowContext":false,"saveWorkflowContext":false,"properties":[{"$id":"185","name":"ObjectType","syntax":"JavaScript","expressions":{"$id":"186","JavaScript":"return \"Users\";"}},{"$id":"187","name":"ColumnName","syntax":"Literal","expressions":{"$id":"188","Literal":"Password"}},{"$id":"189","name":"ColumnDisplayName","syntax":"Literal","expressions":{"$id":"190","Literal":"Password"}},{"$id":"191","name":"ColumnDescription","syntax":"Literal","expressions":{"$id":"192","Literal":"The Hashed Password"}},{"$id":"193","name":"ColumnTypeId","syntax":"Literal","expressions":{"$id":"194","Literal":"6"}},{"$id":"195","name":"DisplayOrder","syntax":"Literal","expressions":{"$id":"196","Literal":"2"}},{"$id":"197","name":"Visible","syntax":"Literal","expressions":{"$id":"198","Literal":"True"}},{"$id":"199","name":"Indexed","syntax":"Literal","expressions":{"$id":"200","Literal":"False"}}],"propertyStorageProviders":{"$id":"201"}},{"$id":"202","activityId":"CreateCol_Users_ChangeAtNextLogin","type":"TypeAddColumn","name":"CreateCol_Users_ChangeAtNextLogin","displayName":"CreateCol_Users_ChangeAtNextLogin","x":384,"y":1920,"persistWorkflow":false,"loadWorkflowContext":false,"saveWorkflowContext":false,"properties":[{"$id":"203","name":"ObjectType","syntax":"JavaScript","expressions":{"$id":"204","JavaScript":"return \"Users\";"}},{"$id":"205","name":"ColumnName","syntax":"Literal","expressions":{"$id":"206","Literal":"ChangeAtNextLogin"}},{"$id":"207","name":"ColumnDisplayName","syntax":"Literal","expressions":{"$id":"208","Literal":"ChangeAtNextLogin"}},{"$id":"209","name":"ColumnDescription","syntax":"Literal","expressions":{"$id":"210","Literal":"ChangeAtNextLogin"}},{"$id":"211","name":"ColumnTypeId","syntax":"Literal","expressions":{"$id":"212","Literal":"5"}},{"$id":"213","name":"DisplayOrder","syntax":"Literal","expressions":{"$id":"214","Literal":"3"}},{"$id":"215","name":"Visible","syntax":"Literal","expressions":{"$id":"216","Literal":"True"}},{"$id":"217","name":"Indexed","syntax":"Literal","expressions":{"$id":"218","Literal":"False"}}],"propertyStorageProviders":{"$id":"219"}},{"$id":"220","activityId":"CreateCol_Users_Partner","type":"TypeAddColumn","name":"CreateCol_Users_Partner","displayName":"CreateCol_Users_Partner","x":512,"y":2048,"persistWorkflow":false,"loadWorkflowContext":false,"saveWorkflowContext":false,"properties":[{"$id":"221","name":"ObjectType","syntax":"JavaScript","expressions":{"$id":"222","JavaScript":"return \"Users\";"}},{"$id":"223","name":"ColumnName","syntax":"Literal","expressions":{"$id":"224","Literal":"Partner"}},{"$id":"225","name":"ColumnDisplayName","syntax":"Literal","expressions":{"$id":"226","Literal":"Partner"}},{"$id":"227","name":"ColumnDescription","syntax":"Literal","expressions":{"$id":"228","Literal":"Partner"}},{"$id":"229","name":"ColumnTypeId","syntax":"Literal","expressions":{"$id":"230","Literal":"5"}},{"$id":"231","name":"DisplayOrder","syntax":"Literal","expressions":{"$id":"232","Literal":"4"}},{"$id":"233","name":"Visible","syntax":"Literal","expressions":{"$id":"234","Literal":"True"}},{"$id":"235","name":"Indexed","syntax":"Literal","expressions":{"$id":"236","Literal":"False"}}],"propertyStorageProviders":{"$id":"237"}},{"$id":"238","activityId":"CreateCol_Users_CompanyName","type":"TypeAddColumn","name":"CreateCol_Users_CompanyName","displayName":"CreateCol_Users_CompanyName","x":640,"y":2176,"persistWorkflow":false,"loadWorkflowContext":false,"saveWorkflowContext":false,"properties":[{"$id":"239","name":"ObjectType","syntax":"JavaScript","expressions":{"$id":"240","JavaScript":"return \"Users\";"}},{"$id":"241","name":"ColumnName","syntax":"Literal","expressions":{"$id":"242","Literal":"CompanyName"}},{"$id":"243","name":"ColumnDisplayName","syntax":"Literal","expressions":{"$id":"244","Literal":"CompanyName"}},{"$id":"245","name":"ColumnDescription","syntax":"Literal","expressions":{"$id":"246","Literal":"CompanyName"}},{"$id":"247","name":"ColumnTypeId","syntax":"Literal","expressions":{"$id":"248","Literal":"6"}},{"$id":"249","name":"DisplayOrder","syntax":"Literal","expressions":{"$id":"250","Literal":"5"}},{"$id":"251","name":"Visible","syntax":"Literal","expressions":{"$id":"252","Literal":"True"}},{"$id":"253","name":"Indexed","syntax":"Literal","expressions":{"$id":"254","Literal":"False"}}],"propertyStorageProviders":{"$id":"255"}}],"connections":[{"$id":"256","sourceActivityId":"CreateType_HelpdeskTicket","targetActivityId":"CreateType_TicketState","outcome":"Faulted"},{"$id":"257","sourceActivityId":"CreateType_HelpdeskTicket","targetActivityId":"CreateType_TicketState","outcome":"Success"},{"$id":"258","sourceActivityId":"CreateType_TicketState","targetActivityId":"CreateType_Users","outcome":"Faulted"},{"$id":"259","sourceActivityId":"CreateType_TicketState","targetActivityId":"CreateType_Users","outcome":"Success"},{"$id":"260","sourceActivityId":"CreateType_Users","targetActivityId":"CreateCol_HelpdeskTicket_Submitter","outcome":"Success"},{"$id":"261","sourceActivityId":"CreateType_Users","targetActivityId":"CreateCol_HelpdeskTicket_Submitter","outcome":"Failed"},{"$id":"262","sourceActivityId":"CreateCol_HelpdeskTicket_Submitter","targetActivityId":"CreateCol_HelpdeskTicket_request","outcome":"Success"},{"$id":"263","sourceActivityId":"CreateCol_HelpdeskTicket_Submitter","targetActivityId":"CreateCol_HelpdeskTicket_request","outcome":"Failed"},{"$id":"264","sourceActivityId":"CreateCol_HelpdeskTicket_request","targetActivityId":"CreateCol_HelpdeskTicket_FullName","outcome":"Success"},{"$id":"265","sourceActivityId":"CreateCol_HelpdeskTicket_request","targetActivityId":"CreateCol_HelpdeskTicket_FullName","outcome":"Failed"},{"$id":"266","sourceActivityId":"CreateCol_HelpdeskTicket_FullName","targetActivityId":"CreateCol_HelpdeskTicket_FirstName","outcome":"Success"},{"$id":"267","sourceActivityId":"CreateCol_HelpdeskTicket_FullName","targetActivityId":"CreateCol_HelpdeskTicket_FirstName","outcome":"Failed"},{"$id":"268","sourceActivityId":"CreateCol_HelpdeskTicket_FirstName","targetActivityId":"CreateCol_HelpdeskTicket_MessageId","outcome":"Success"},{"$id":"269","sourceActivityId":"CreateCol_HelpdeskTicket_FirstName","targetActivityId":"CreateCol_HelpdeskTicket_MessageId","outcome":"Failed"},{"$id":"270","sourceActivityId":"CreateCol_HelpdeskTicket_MessageId","targetActivityId":"CreateCol_HelpdeskTicket_LastChat","outcome":"Success"},{"$id":"271","sourceActivityId":"CreateCol_HelpdeskTicket_MessageId","targetActivityId":"CreateCol_HelpdeskTicket_LastChat","outcome":"Failed"},{"$id":"272","sourceActivityId":"CreateCol_HelpdeskTicket_LastChat","targetActivityId":"CreateCol_HelpdeskTicket_Escalation","outcome":"Success"},{"$id":"273","sourceActivityId":"CreateCol_HelpdeskTicket_LastChat","targetActivityId":"CreateCol_HelpdeskTicket_Escalation","outcome":"Failed"},{"$id":"274","sourceActivityId":"CreateCol_HelpdeskTicket_Escalation","targetActivityId":"CreateCol_HelpdeskTicket_ParsedRequest","outcome":"Success"},{"$id":"275","sourceActivityId":"CreateCol_HelpdeskTicket_Escalation","targetActivityId":"CreateCol_HelpdeskTicket_ParsedRequest","outcome":"Failed"},{"$id":"276","sourceActivityId":"CreateCol_HelpdeskTicket_ParsedRequest","targetActivityId":"CreateCol_Users_UserName","outcome":"Success"},{"$id":"277","sourceActivityId":"CreateCol_HelpdeskTicket_ParsedRequest","targetActivityId":"CreateCol_Users_UserName","outcome":"Failed"},{"$id":"278","sourceActivityId":"CreateCol_Users_UserName","targetActivityId":"CreateCol_Users_Password","outcome":"Success"},{"$id":"279","sourceActivityId":"CreateCol_Users_UserName","targetActivityId":"CreateCol_Users_Password","outcome":"Failed"},{"$id":"280","sourceActivityId":"CreateCol_Users_Password","targetActivityId":"CreateCol_Users_ChangeAtNextLogin","outcome":"Success"},{"$id":"281","sourceActivityId":"CreateCol_Users_Password","targetActivityId":"CreateCol_Users_ChangeAtNextLogin","outcome":"Failed"},{"$id":"282","sourceActivityId":"CreateCol_Users_ChangeAtNextLogin","targetActivityId":"CreateCol_Users_Partner","outcome":"Success"},{"$id":"283","sourceActivityId":"CreateCol_Users_ChangeAtNextLogin","targetActivityId":"CreateCol_Users_Partner","outcome":"Failed"},{"$id":"284","sourceActivityId":"CreateCol_Users_Partner","targetActivityId":"CreateCol_Users_CompanyName","outcome":"Success"},{"$id":"285","sourceActivityId":"CreateCol_Users_Partner","targetActivityId":"CreateCol_Users_CompanyName","outcome":"Failed"}],"id":"1"}