{"$id":"1009","definitionId":"1d28c8836a3d4f099dfb4bced808a611","versionId":"3724b105ae3e425493b172a6b151558c","name":"UI - Tickets","displayName":"UI - Tickets","version":2,"variables":{"$id":"1010","data":{}},"customAttributes":{"$id":"1011","data":{}},"isSingleton":false,"persistenceBehavior":"WorkflowBurst","deleteCompletedInstances":false,"isPublished":true,"isLatest":true,"createdAt":"2023-12-05T06:32:41.3692599Z","activities":[{"$id":"1012","activityId":"a2dc08c2-8b5e-4a59-8c2d-c988c1f9ffaf","type":"Redirect","displayName":"Redirect to /Helpdesk","x":440,"y":480,"persistWorkflow":false,"loadWorkflowContext":false,"saveWorkflowContext":false,"properties":[{"$id":"1013","name":"Location","expressions":{"$id":"1014","Literal":"/helpdesk"}},{"$id":"1015","name":"Permanent","expressions":{"$id":"1016"}}],"propertyStorageProviders":{"$id":"1017"}},{"$id":"1018","activityId":"7ae5bba8-2aba-4011-ae39-a5801ff851fd","type":"SetVariable","displayName":"Place list of tickets in a variable","x":800,"y":200,"persistWorkflow":false,"loadWorkflowContext":false,"saveWorkflowContext":false,"properties":[{"$id":"1019","name":"VariableName","expressions":{"$id":"1020","Literal":"TicketList"}},{"$id":"1021","name":"Value","syntax":"JavaScript","expressions":{"$id":"1022","JavaScript":"activities.Tickets.Output()"}}],"propertyStorageProviders":{"$id":"1023"}},{"$id":"1024","activityId":"55e66cba-959a-487b-8431-36c9bee01378","type":"WriteHttpResponse","displayName":"Write Ticket UI","x":880,"y":300,"persistWorkflow":false,"loadWorkflowContext":false,"saveWorkflowContext":false,"properties":[{"$id":"1025","name":"Content","syntax":"Liquid","expressions":{"$id":"1026","Literal":"","Liquid":"<html class=\"h-full bg-white\">\r\n    <head>\r\n        <meta charset=\"UTF-8\">\r\n        <meta name=\"viewport\" content=\"width=device-width, initial-scale=1.0\">\r\n        <script src=\"https://cdn.tailwindcss.com?plugins=forms\"></script>\r\n        <script>\r\n            tailwind.config = {\r\n              theme: {\r\n                extend: {\r\n                  colors: {\r\n                    clifford: '#da373d',\r\n                  }\r\n                }\r\n              }\r\n            }\r\n          </script>\r\n    </head>\r\n    <body class=\"h-full\">\r\n        <div>\r\n            <!-- Off-canvas menu for mobile, show/hide based on off-canvas menu state. -->\r\n            <div class=\"relative z-50 lg:hidden\" role=\"dialog\" aria-modal=\"true\">\r\n              <!--\r\n                Off-canvas menu backdrop, show/hide based on off-canvas menu state.\r\n          \r\n                Entering: \"transition-opacity ease-linear duration-300\"\r\n                  From: \"opacity-0\"\r\n                  To: \"opacity-100\"\r\n                Leaving: \"transition-opacity ease-linear duration-300\"\r\n                  From: \"opacity-100\"\r\n                  To: \"opacity-0\"\r\n              -->\r\n              <div class=\"fixed inset-0 bg-gray-900/80\"></div>\r\n          \r\n              <div class=\"fixed inset-0 flex\">\r\n                <!--\r\n                  Off-canvas menu, show/hide based on off-canvas menu state.\r\n          \r\n                  Entering: \"transition ease-in-out duration-300 transform\"\r\n                    From: \"-translate-x-full\"\r\n                    To: \"translate-x-0\"\r\n                  Leaving: \"transition ease-in-out duration-300 transform\"\r\n                    From: \"translate-x-0\"\r\n                    To: \"-translate-x-full\"\r\n                -->\r\n                <div class=\"relative mr-16 flex w-full max-w-xs flex-1\">\r\n                  <!--\r\n                    Close button, show/hide based on off-canvas menu state.\r\n          \r\n                    Entering: \"ease-in-out duration-300\"\r\n                      From: \"opacity-0\"\r\n                      To: \"opacity-100\"\r\n                    Leaving: \"ease-in-out duration-300\"\r\n                      From: \"opacity-100\"\r\n                      To: \"opacity-0\"\r\n                  -->\r\n                  <div class=\"absolute left-full top-0 flex w-16 justify-center pt-5\">\r\n                    <button type=\"button\" class=\"-m-2.5 p-2.5\">\r\n                      <span class=\"sr-only\">Close sidebar</span>\r\n                      <svg class=\"h-6 w-6 text-white\" fill=\"none\" viewBox=\"0 0 24 24\" stroke-width=\"1.5\" stroke=\"currentColor\" aria-hidden=\"true\">\r\n                        <path stroke-linecap=\"round\" stroke-linejoin=\"round\" d=\"M6 18L18 6M6 6l12 12\" />\r\n                      </svg>\r\n                    </button>\r\n                  </div>\r\n          \r\n                  <!-- Sidebar component, swap this element with another sidebar if you like -->\r\n                  <div class=\"flex grow flex-col gap-y-5 overflow-y-auto bg-indigo-600 px-6 pb-4\">\r\n                    <div class=\"flex h-16 shrink-0 items-center\">\r\n                      <img class=\"h-8 w-auto\" src=\"https://tailwindui.com/img/logos/mark.svg?color=white\" alt=\"Your Company\">\r\n                    </div>\r\n                    <nav class=\"flex flex-1 flex-col\">\r\n                      <ul role=\"list\" class=\"flex flex-1 flex-col gap-y-7\">\r\n                        <li>\r\n                          <ul role=\"list\" class=\"-mx-2 space-y-1\">\r\n                            <li>\r\n                              <!-- Current: \"bg-indigo-700 text-white\", Default: \"text-indigo-200 hover:text-white hover:bg-indigo-700\" -->\r\n                              <a href=\"#\" class=\"bg-indigo-700 text-white group flex gap-x-3 rounded-md p-2 text-sm leading-6 font-semibold\">\r\n                                <svg class=\"h-6 w-6 shrink-0 text-white\" fill=\"none\" viewBox=\"0 0 24 24\" stroke-width=\"1.5\" stroke=\"currentColor\" aria-hidden=\"true\">\r\n                                  <path stroke-linecap=\"round\" stroke-linejoin=\"round\" d=\"M2.25 12l8.954-8.955c.44-.439 1.152-.439 1.591 0L21.75 12M4.5 9.75v10.125c0 .621.504 1.125 1.125 1.125H9.75v-4.875c0-.621.504-1.125 1.125-1.125h2.25c.621 0 1.125.504 1.125 1.125V21h4.125c.621 0 1.125-.504 1.125-1.125V9.75M8.25 21h8.25\" />\r\n                                </svg>\r\n                                Tickets\r\n                              </a>\r\n                            </li>\r\n                     \r\n                          </ul>\r\n                        </li>\r\n                        <li class=\"mt-auto\">\r\n                          <a href=\"#\" class=\"group -mx-2 flex gap-x-3 rounded-md p-2 text-sm font-semibold leading-6 text-indigo-200 hover:bg-indigo-700 hover:text-white\">\r\n                            <svg class=\"h-6 w-6 shrink-0 text-indigo-200 group-hover:text-white\" fill=\"none\" viewBox=\"0 0 24 24\" stroke-width=\"1.5\" stroke=\"currentColor\" aria-hidden=\"true\">\r\n                              <path stroke-linecap=\"round\" stroke-linejoin=\"round\" d=\"M9.594 3.94c.09-.542.56-.94 1.11-.94h2.593c.55 0 1.02.398 1.11.94l.213 1.281c.063.374.313.686.645.87.074.04.147.083.22.127.324.196.72.257 1.075.124l1.217-.456a1.125 1.125 0 011.37.49l1.296 2.247a1.125 1.125 0 01-.26 1.431l-1.003.827c-.293.24-.438.613-.431.992a6.759 6.759 0 010 .255c-.007.378.138.75.43.99l1.005.828c.424.35.534.954.26 1.43l-1.298 2.247a1.125 1.125 0 01-1.369.491l-1.217-.456c-.355-.133-.75-.072-1.076.124a6.57 6.57 0 01-.22.128c-.331.183-.581.495-.644.869l-.213 1.28c-.09.543-.56.941-1.11.941h-2.594c-.55 0-1.02-.398-1.11-.94l-.213-1.281c-.062-.374-.312-.686-.644-.87a6.52 6.52 0 01-.22-.127c-.325-.196-.72-.257-1.076-.124l-1.217.456a1.125 1.125 0 01-1.369-.49l-1.297-2.247a1.125 1.125 0 01.26-1.431l1.004-.827c.292-.24.437-.613.43-.992a6.932 6.932 0 010-.255c.007-.378-.138-.75-.43-.99l-1.004-.828a1.125 1.125 0 01-.26-1.43l1.297-2.247a1.125 1.125 0 011.37-.491l1.216.456c.356.133.751.072 1.076-.124.072-.044.146-.087.22-.128.332-.183.582-.495.644-.869l.214-1.281z\" />\r\n                              <path stroke-linecap=\"round\" stroke-linejoin=\"round\" d=\"M15 12a3 3 0 11-6 0 3 3 0 016 0z\" />\r\n                            </svg>\r\n                            Settings\r\n                          </a>\r\n                        </li>\r\n                      </ul>\r\n                    </nav>\r\n                  </div>\r\n                </div>\r\n              </div>\r\n            </div>\r\n          \r\n            <!-- Static sidebar for desktop -->\r\n            <div class=\"hidden lg:fixed lg:inset-y-0 lg:z-50 lg:flex lg:w-72 lg:flex-col\">\r\n              <!-- Sidebar component, swap this element with another sidebar if you like -->\r\n              <div class=\"flex grow flex-col gap-y-5 overflow-y-auto bg-indigo-600 px-6 pb-4\">\r\n                <div class=\"flex h-16 shrink-0 items-center\">\r\n                  <img class=\"h-8 w-auto\" src=\"https://tailwindui.com/img/logos/mark.svg?color=white\" alt=\"Your Company\">\r\n                </div>\r\n                <nav class=\"flex flex-1 flex-col\">\r\n                  <ul role=\"list\" class=\"flex flex-1 flex-col gap-y-7\">\r\n                    <li>\r\n                      <ul role=\"list\" class=\"-mx-2 space-y-1\">\r\n                        <li>\r\n                          <!-- Current: \"bg-indigo-700 text-white\", Default: \"text-indigo-200 hover:text-white hover:bg-indigo-700\" -->\r\n                          <a href=\"#\" class=\"bg-indigo-700 text-white group flex gap-x-3 rounded-md p-2 text-sm leading-6 font-semibold\">\r\n                            <svg class=\"h-6 w-6 shrink-0 text-white\" fill=\"none\" viewBox=\"0 0 24 24\" stroke-width=\"1.5\" stroke=\"currentColor\" aria-hidden=\"true\">\r\n                              <path stroke-linecap=\"round\" stroke-linejoin=\"round\" d=\"M2.25 12l8.954-8.955c.44-.439 1.152-.439 1.591 0L21.75 12M4.5 9.75v10.125c0 .621.504 1.125 1.125 1.125H9.75v-4.875c0-.621.504-1.125 1.125-1.125h2.25c.621 0 1.125.504 1.125 1.125V21h4.125c.621 0 1.125-.504 1.125-1.125V9.75M8.25 21h8.25\" />\r\n                            </svg>\r\n                            Tickets\r\n                          </a>\r\n                        </li>\r\n                 \r\n                    <li class=\"mt-auto\">\r\n                      <a href=\"#\" class=\"group -mx-2 flex gap-x-3 rounded-md p-2 text-sm font-semibold leading-6 text-indigo-200 hover:bg-indigo-700 hover:text-white\">\r\n                        <svg class=\"h-6 w-6 shrink-0 text-indigo-200 group-hover:text-white\" fill=\"none\" viewBox=\"0 0 24 24\" stroke-width=\"1.5\" stroke=\"currentColor\" aria-hidden=\"true\">\r\n                          <path stroke-linecap=\"round\" stroke-linejoin=\"round\" d=\"M9.594 3.94c.09-.542.56-.94 1.11-.94h2.593c.55 0 1.02.398 1.11.94l.213 1.281c.063.374.313.686.645.87.074.04.147.083.22.127.324.196.72.257 1.075.124l1.217-.456a1.125 1.125 0 011.37.49l1.296 2.247a1.125 1.125 0 01-.26 1.431l-1.003.827c-.293.24-.438.613-.431.992a6.759 6.759 0 010 .255c-.007.378.138.75.43.99l1.005.828c.424.35.534.954.26 1.43l-1.298 2.247a1.125 1.125 0 01-1.369.491l-1.217-.456c-.355-.133-.75-.072-1.076.124a6.57 6.57 0 01-.22.128c-.331.183-.581.495-.644.869l-.213 1.28c-.09.543-.56.941-1.11.941h-2.594c-.55 0-1.02-.398-1.11-.94l-.213-1.281c-.062-.374-.312-.686-.644-.87a6.52 6.52 0 01-.22-.127c-.325-.196-.72-.257-1.076-.124l-1.217.456a1.125 1.125 0 01-1.369-.49l-1.297-2.247a1.125 1.125 0 01.26-1.431l1.004-.827c.292-.24.437-.613.43-.992a6.932 6.932 0 010-.255c.007-.378-.138-.75-.43-.99l-1.004-.828a1.125 1.125 0 01-.26-1.43l1.297-2.247a1.125 1.125 0 011.37-.491l1.216.456c.356.133.751.072 1.076-.124.072-.044.146-.087.22-.128.332-.183.582-.495.644-.869l.214-1.281z\" />\r\n                          <path stroke-linecap=\"round\" stroke-linejoin=\"round\" d=\"M15 12a3 3 0 11-6 0 3 3 0 016 0z\" />\r\n                        </svg>\r\n                        Settings\r\n                      </a>\r\n                    </li>\r\n                  </ul>\r\n                </nav>\r\n              </div>\r\n            </div>\r\n          \r\n            <div class=\"lg:pl-72\">\r\n              <div class=\"sticky top-0 z-40 flex h-16 shrink-0 items-center gap-x-4 border-b border-gray-200 bg-white px-4 shadow-sm sm:gap-x-6 sm:px-6 lg:px-8\">\r\n                <button type=\"button\" class=\"-m-2.5 p-2.5 text-gray-700 lg:hidden\">\r\n                  <span class=\"sr-only\">Open sidebar</span>\r\n                  <svg class=\"h-6 w-6\" fill=\"none\" viewBox=\"0 0 24 24\" stroke-width=\"1.5\" stroke=\"currentColor\" aria-hidden=\"true\">\r\n                    <path stroke-linecap=\"round\" stroke-linejoin=\"round\" d=\"M3.75 6.75h16.5M3.75 12h16.5m-16.5 5.25h16.5\" />\r\n                  </svg>\r\n                </button>\r\n          \r\n                <!-- Separator -->\r\n                <div class=\"h-6 w-px bg-gray-900/10 lg:hidden\" aria-hidden=\"true\"></div>\r\n          \r\n                <div class=\"flex flex-1 gap-x-4 self-stretch lg:gap-x-6\">\r\n                  <form class=\"relative flex flex-1\" action=\"#\" method=\"GET\">\r\n                    <label for=\"search-field\" class=\"sr-only\">Search</label>\r\n                    <svg class=\"pointer-events-none absolute inset-y-0 left-0 h-full w-5 text-gray-400\" viewBox=\"0 0 20 20\" fill=\"currentColor\" aria-hidden=\"true\">\r\n                      <path fill-rule=\"evenodd\" d=\"M9 3.5a5.5 5.5 0 100 11 5.5 5.5 0 000-11zM2 9a7 7 0 1112.452 4.391l3.328 3.329a.75.75 0 11-1.06 1.06l-3.329-3.328A7 7 0 012 9z\" clip-rule=\"evenodd\" />\r\n                    </svg>\r\n                    <input id=\"search-field\" class=\"block h-full w-full border-0 py-0 pl-8 pr-0 text-gray-900 placeholder:text-gray-400 focus:ring-0 sm:text-sm\" placeholder=\"Search...\" type=\"search\" name=\"search\">\r\n                  </form>\r\n                  <div class=\"flex items-center gap-x-4 lg:gap-x-6\">\r\n                    <button type=\"button\" class=\"-m-2.5 p-2.5 text-gray-400 hover:text-gray-500\">\r\n                      <span class=\"sr-only\">View notifications</span>\r\n                      <svg class=\"h-6 w-6\" fill=\"none\" viewBox=\"0 0 24 24\" stroke-width=\"1.5\" stroke=\"currentColor\" aria-hidden=\"true\">\r\n                        <path stroke-linecap=\"round\" stroke-linejoin=\"round\" d=\"M14.857 17.082a23.848 23.848 0 005.454-1.31A8.967 8.967 0 0118 9.75v-.7V9A6 6 0 006 9v.75a8.967 8.967 0 01-2.312 6.022c1.733.64 3.56 1.085 5.455 1.31m5.714 0a24.255 24.255 0 01-5.714 0m5.714 0a3 3 0 11-5.714 0\" />\r\n                      </svg>\r\n                    </button>\r\n          \r\n                    <!-- Separator -->\r\n                    <div class=\"hidden lg:block lg:h-6 lg:w-px lg:bg-gray-900/10\" aria-hidden=\"true\"></div>\r\n          \r\n                    <!-- Profile dropdown -->\r\n                    <div class=\"relative\">\r\n                      <button type=\"button\" class=\"-m-1.5 flex items-center p-1.5\" id=\"user-menu-button\" aria-expanded=\"false\" aria-haspopup=\"true\">\r\n                        <span class=\"sr-only\">Open user menu</span>\r\n                        <img class=\"h-8 w-8 rounded-full bg-gray-50\" src=\"https://images.unsplash.com/photo-1472099645785-5658abf4ff4e?ixlib=rb-1.2.1&ixid=eyJhcHBfaWQiOjEyMDd9&auto=format&fit=facearea&facepad=2&w=256&h=256&q=80\" alt=\"\">\r\n                        <span class=\"hidden lg:flex lg:items-center\">\r\n                          <span class=\"ml-4 text-sm font-semibold leading-6 text-gray-900\" aria-hidden=\"true\">{{Variables.User}}</span>\r\n                         \r\n                        </span>\r\n                      </button>\r\n          \r\n                      <!--\r\n                        Dropdown menu, show/hide based on menu state.\r\n          \r\n                        Entering: \"transition ease-out duration-100\"\r\n                          From: \"transform opacity-0 scale-95\"\r\n                          To: \"transform opacity-100 scale-100\"\r\n                        Leaving: \"transition ease-in duration-75\"\r\n                          From: \"transform opacity-100 scale-100\"\r\n                          To: \"transform opacity-0 scale-95\"\r\n                      -->\r\n                     \r\n                    </div>\r\n                  </div>\r\n                </div>\r\n              </div>\r\n          \r\n              <main class=\"py-10\">\r\n                <div class=\"px-4 sm:px-6 lg:px-8\">\r\n                    <div class=\"px-4 sm:px-6 lg:px-8\">\r\n                        <div class=\"sm:flex sm:items-center\">\r\n                          <div class=\"sm:flex-auto\">\r\n                            <h1 class=\"text-base font-semibold leading-6 text-gray-900\">Tickets</h1>\r\n                            <p class=\"mt-2 text-sm text-gray-700\">A list of all your current helpdesk tickets.</p>\r\n                          </div>\r\n                          <div class=\"mt-4 sm:ml-16 sm:mt-0 sm:flex-none\">\r\n                            <button type=\"button\" class=\"block rounded-md bg-indigo-600 px-3 py-2 text-center text-sm font-semibold text-white shadow-sm hover:bg-indigo-500 focus-visible:outline focus-visible:outline-2 focus-visible:outline-offset-2 focus-visible:outline-indigo-600\">New ticket</button>\r\n                          </div>\r\n                        </div>\r\n                        <div class=\"mt-8 flow-root\">\r\n                          <div class=\"-mx-4 -my-2 overflow-x-auto sm:-mx-6 lg:-mx-8\">\r\n                            <div class=\"inline-block min-w-full py-2 align-middle sm:px-6 lg:px-8\">\r\n                              <table class=\"min-w-full divide-y divide-gray-300\">\r\n                                <thead>\r\n                                  <tr>\r\n                                    <th scope=\"col\" class=\"py-3.5 pl-4 pr-3 text-left text-sm font-semibold text-gray-900 sm:pl-0\">Id</th>\r\n                                    <th scope=\"col\" class=\"px-3 py-3.5 text-left text-sm font-semibold text-gray-900\">Title</th>\r\n                                    <th scope=\"col\" class=\"px-3 py-3.5 text-left text-sm font-semibold text-gray-900\">Email</th>\r\n                                    <th scope=\"col\" class=\"px-3 py-3.5 text-left text-sm font-semibold text-gray-900\">Request</th>\r\n                                    <th scope=\"col\" class=\"relative py-3.5 pl-3 pr-4 sm:pr-0\">\r\n                                      <span class=\"sr-only\">Edit</span>\r\n                                    </th>\r\n                                  </tr>\r\n                                </thead>\r\n                                <tbody class=\"divide-y divide-gray-200\">\r\n                                    {% for ticket in Variables.TicketList %}\r\n                                  <tr>\r\n                                    <td class=\"whitespace-nowrap py-4 pl-4 pr-3 text-sm font-medium text-gray-900 sm:pl-0\">{{ticket.ObjectId}}</td>\r\n                                    <td class=\"whitespace-nowrap px-3 py-4 text-sm text-gray-500\">{{ticket.Title}}</td>\r\n                                    <td class=\"whitespace-nowrap px-3 py-4 text-sm text-gray-500\"><a href=\"mailto:{{ticket.Submitter}}\">{{ticket.Submitter}}</a></td>\r\n                                    <td class=\"whitespace-nowrap px-3 py-4 text-sm text-gray-500\">{{ticket.ParsedRequest}}</td>\r\n                                    <td class=\"relative whitespace-nowrap py-4 pl-3 pr-4 text-right text-sm font-medium sm:pr-0\">\r\n                                      <a href=\"#\" class=\"text-indigo-600 hover:text-indigo-900\">Edit<span class=\"sr-only\">, Lindsay Walton</span></a>\r\n                                    </td>\r\n                                  </tr>\r\n                                  {% endfor %}\r\n                      \r\n                                  <!-- More people... -->\r\n                                </tbody>\r\n                              </table>\r\n                            </div>\r\n                          </div>\r\n                        </div>\r\n                      </div>\r\n                </div>\r\n              </main>\r\n            </div>\r\n          </div>\r\n        </body>\r\n        </html>"}},{"$id":"1027","name":"ContentType","expressions":{"$id":"1028","Literal":"text/html"}},{"$id":"1029","name":"StatusCode","expressions":{"$id":"1030","Literal":"OK"}},{"$id":"1031","name":"CharSet","expressions":{"$id":"1032","Literal":"utf-8"}},{"$id":"1033","name":"ResponseHeaders","expressions":{"$id":"1034"}}],"propertyStorageProviders":{"$id":"1035"}},{"$id":"1036","activityId":"0a64f655-2f25-497c-aee3-d4125810bc3a","type":"HttpEndpoint","name":"StartTickets","displayName":"HTTP Endpoint","x":64,"y":64,"persistWorkflow":false,"loadWorkflowContext":false,"saveWorkflowContext":false,"properties":[{"$id":"1037","name":"Path","expressions":{"$id":"1038","Literal":"/tickets"}},{"$id":"1039","name":"Methods","expressions":{"$id":"1040","Json":"[\"POST\"]"}},{"$id":"1041","name":"ReadContent","expressions":{"$id":"1042","Literal":"true"}},{"$id":"1043","name":"TargetType","expressions":{"$id":"1044"}},{"$id":"1045","name":"Schema","syntax":"Literal","expressions":{"$id":"1046","Literal":""}},{"$id":"1047","name":"Authorize","expressions":{"$id":"1048"}},{"$id":"1049","name":"Policy","expressions":{"$id":"1050"}}],"propertyStorageProviders":{"$id":"1051"}},{"$id":"1052","activityId":"76d5253e-860e-45ce-a853-24a4cac61460","type":"SetVariable","displayName":"Set Variable","x":180,"y":160,"persistWorkflow":false,"loadWorkflowContext":false,"saveWorkflowContext":false,"properties":[{"$id":"1053","name":"VariableName","expressions":{"$id":"1054","Literal":"User"}},{"$id":"1055","name":"Value","syntax":"JavaScript","expressions":{"$id":"1056","JavaScript":"activities.StartTickets.Output().Body.email"}}],"propertyStorageProviders":{"$id":"1057"}},{"$id":"1058","activityId":"af5424f9-5b24-44ba-8365-134e8c093e91","type":"ObjectInstanceList","name":"MatchingUsers","displayName":"Get All Users Matching Email Address","x":200,"y":260,"persistWorkflow":false,"loadWorkflowContext":false,"saveWorkflowContext":false,"properties":[{"$id":"1059","name":"ObjectType","syntax":"Literal","expressions":{"$id":"1060","Literal":"3"}},{"$id":"1061","name":"Filter","syntax":"Liquid","expressions":{"$id":"1062","Liquid":"UserName eq '{{Variables.User}}'"}},{"$id":"1063","name":"Skip","expressions":{"$id":"1064"}},{"$id":"1065","name":"Limit","expressions":{"$id":"1066"}},{"$id":"1067","name":"OrderBy","expressions":{"$id":"1068"}}],"propertyStorageProviders":{"$id":"1069"}},{"$id":"1070","activityId":"a1af96a4-f975-4616-9f10-ce599acbdd23","type":"If","displayName":"If We have a user matching the email address?","x":180,"y":360,"persistWorkflow":false,"loadWorkflowContext":false,"saveWorkflowContext":false,"properties":[{"$id":"1071","name":"Condition","syntax":"JavaScript","expressions":{"$id":"1072","JavaScript":"activities.MatchingUsers.Output().count >0"}}],"propertyStorageProviders":{"$id":"1073"}},{"$id":"1074","activityId":"65177a92-8974-4d89-beb8-dc0f11ce327d","type":"ObjectInstanceList","name":"Tickets","displayName":"Get All Tickets for this user","x":680,"y":100,"persistWorkflow":false,"loadWorkflowContext":false,"saveWorkflowContext":false,"properties":[{"$id":"1075","name":"ObjectType","syntax":"Literal","expressions":{"$id":"1076","Literal":"1"}},{"$id":"1077","name":"Filter","syntax":"Liquid","expressions":{"$id":"1078","Liquid":"Submitter eq '{{Variables.User}}'"}},{"$id":"1079","name":"Skip","expressions":{"$id":"1080"}},{"$id":"1081","name":"Limit","expressions":{"$id":"1082"}},{"$id":"1083","name":"OrderBy","expressions":{"$id":"1084"}}],"propertyStorageProviders":{"$id":"1085"}}],"connections":[{"$id":"1086","sourceActivityId":"65177a92-8974-4d89-beb8-dc0f11ce327d","targetActivityId":"7ae5bba8-2aba-4011-ae39-a5801ff851fd","outcome":"Done"},{"$id":"1087","sourceActivityId":"7ae5bba8-2aba-4011-ae39-a5801ff851fd","targetActivityId":"55e66cba-959a-487b-8431-36c9bee01378","outcome":"Done"},{"$id":"1088","sourceActivityId":"0a64f655-2f25-497c-aee3-d4125810bc3a","targetActivityId":"76d5253e-860e-45ce-a853-24a4cac61460","outcome":"Done"},{"$id":"1089","sourceActivityId":"76d5253e-860e-45ce-a853-24a4cac61460","targetActivityId":"af5424f9-5b24-44ba-8365-134e8c093e91","outcome":"Done"},{"$id":"1090","sourceActivityId":"af5424f9-5b24-44ba-8365-134e8c093e91","targetActivityId":"a1af96a4-f975-4616-9f10-ce599acbdd23","outcome":"Done"},{"$id":"1091","sourceActivityId":"a1af96a4-f975-4616-9f10-ce599acbdd23","targetActivityId":"65177a92-8974-4d89-beb8-dc0f11ce327d","outcome":"True"},{"$id":"1092","sourceActivityId":"a1af96a4-f975-4616-9f10-ce599acbdd23","targetActivityId":"a2dc08c2-8b5e-4a59-8c2d-c988c1f9ffaf","outcome":"False"}],"id":"3724b105ae3e425493b172a6b151558c"}