{"$id":"1093","definitionId":"5e3cdb6597344bcd8c2b00aa4d8badda","versionId":"1ff8682117414e39bcf13efc20f56d96","name":"UILogin","displayName":"UI Login","version":2,"variables":{"$id":"1094","data":{}},"customAttributes":{"$id":"1095","data":{}},"isSingleton":false,"persistenceBehavior":"WorkflowBurst","deleteCompletedInstances":false,"isPublished":false,"isLatest":true,"createdAt":"2023-12-05T06:33:24.8207695Z","activities":[{"$id":"1096","activityId":"8b3962f1-892a-464b-a1dd-2343115f1ab6","type":"HttpEndpoint","displayName":"helpdesk","x":240,"y":300,"persistWorkflow":false,"loadWorkflowContext":false,"saveWorkflowContext":false,"properties":[{"$id":"1097","name":"Path","expressions":{"$id":"1098","Literal":"/helpdesk"}},{"$id":"1099","name":"Methods","expressions":{"$id":"1100","Json":"[\"GET\"]"}},{"$id":"1101","name":"ReadContent","expressions":{"$id":"1102"}},{"$id":"1103","name":"TargetType","expressions":{"$id":"1104"}},{"$id":"1105","name":"Schema","syntax":"Literal","expressions":{"$id":"1106","Literal":""}},{"$id":"1107","name":"Authorize","expressions":{"$id":"1108"}},{"$id":"1109","name":"Policy","expressions":{"$id":"1110"}}],"propertyStorageProviders":{"$id":"1111"}},{"$id":"1112","activityId":"47720dcc-2f9e-4cea-898e-e97f9fd1c03b","type":"WriteHttpResponse","displayName":"HTTP Response","x":600,"y":300,"persistWorkflow":false,"loadWorkflowContext":false,"saveWorkflowContext":false,"properties":[{"$id":"1113","name":"Content","expressions":{"$id":"1114","Literal":"<html class=\"h-full bg-white\">\n    <head>\n        <meta charset=\"UTF-8\">\n        <meta name=\"viewport\" content=\"width=device-width, initial-scale=1.0\">\n        <script src=\"https://cdn.tailwindcss.com?plugins=forms\"></script>\n        <script>\n            tailwind.config = {\n              theme: {\n                extend: {\n                  colors: {\n                    clifford: '#da373d',\n                  }\n                }\n              }\n            }\n          </script>\n          <script src=\"https://cdnjs.cloudflare.com/ajax/libs/crypto-js/4.0.0/crypto-js.min.js\"></script>\n<title>World of Workflows - Helpdesk demo</title>\n    </head>\n    <body class=\"h-full\">\n        <div class=\"flex min-h-full flex-col justify-center px-6 py-12 lg:px-8\">\n            <div class=\"sm:mx-auto sm:w-full sm:max-w-sm\">\n              <img  class=\"mx-auto h-40 w-auto \"src=\"https://static.wixstatic.com/media/c4cd72_bdd7ebc227704d4da6df04623647905c~mv2.png\" alt=\"World of Workflows\">\n<br>\n<br>\n<br>\n              <h2 class=\"mt-10 text-center text-2xl font-bold leading-9 tracking-tight text-gray-900\">Sign in to your account</h2>\n            </div>\n          \n            <div class=\"mt-10 sm:mx-auto sm:w-full sm:max-w-sm\">\n              <form class=\"space-y-6\" action=\"/tickets\" method=\"POST\">\n                <div>\n                  <label for=\"email\" class=\"block text-sm font-medium leading-6 text-gray-900\">Email address</label>\n                  <div class=\"mt-2\">\n                    <input id=\"email\" name=\"email\" type=\"email\" autocomplete=\"email\" required class=\"block w-full rounded-md border-0 py-1.5 text-gray-900 shadow-sm ring-1 ring-inset ring-gray-300 placeholder:text-gray-400 focus:ring-2 focus:ring-inset focus:ring-indigo-600 sm:text-sm sm:leading-6\">\n                  </div>\n                </div>\n          \n                <div>\n                  <div class=\"flex items-center justify-between\">\n                    <label for=\"password\" class=\"block text-sm font-medium leading-6 text-gray-900\">Password</label>\n                    <div class=\"text-sm\">\n                      <a href=\"#\" class=\"font-semibold text-indigo-600 hover:text-indigo-500\">Forgot password?</a>\n                    </div>\n                  </div>\n                  <div class=\"mt-2\">\n                    <input id=\"password\" name=\"password\" type=\"password\" autocomplete=\"current-password\" required class=\"block w-full rounded-md border-0 py-1.5 text-gray-900 shadow-sm ring-1 ring-inset ring-gray-300 placeholder:text-gray-400 focus:ring-2 focus:ring-inset focus:ring-indigo-600 sm:text-sm sm:leading-6\">\n                  </div>\n                </div>\n          \n                <div>\n                  <button type=\"submit\" class=\"flex w-full justify-center rounded-md bg-indigo-600 px-3 py-1.5 text-sm font-semibold leading-6 text-white shadow-sm hover:bg-indigo-500 focus-visible:outline focus-visible:outline-2 focus-visible:outline-offset-2 focus-visible:outline-indigo-600\">Sign in</button>\n                </div>\n              </form>\n          \n              <p class=\"mt-10 text-center text-sm text-gray-500\">\n                Not a member?\n                <a href=\"/registration\" class=\"font-semibold leading-6 text-indigo-600 hover:text-indigo-500\">Register here</a>\n              </p>\n            </div>\n          </div>\n          <script>\n            document.addEventListener(\"DOMContentLoaded\", function() {\n                const form = document.querySelector(\"form\");\n                form.addEventListener(\"submit\", function(event) {\n                    event.preventDefault(); // Prevent the form from submitting\n        \n                    // Get the password input field\n                    const passwordField = document.getElementById(\"password\");\n        \n                    // Hash the password\n                    const hashedPassword = CryptoJS.SHA256(passwordField.value).toString();\n        \n                    // Set the hashed password as the value to be sent\n                    passwordField.value = hashedPassword;\n        \n                    // Now, submit the form\n                    form.submit();\n                });\n            });\n        </script>\n    </body>\n</html>"}},{"$id":"1115","name":"ContentType","expressions":{"$id":"1116","Literal":"text/html"}},{"$id":"1117","name":"StatusCode","expressions":{"$id":"1118","Literal":"OK"}},{"$id":"1119","name":"CharSet","expressions":{"$id":"1120","Literal":"utf-8"}},{"$id":"1121","name":"ResponseHeaders","expressions":{"$id":"1122"}}],"propertyStorageProviders":{"$id":"1123"}},{"$id":"1124","activityId":"d3dde5c1-3645-4484-9370-503444297d84","type":"HttpEndpoint","name":"register","displayName":"register","x":240,"y":200,"persistWorkflow":false,"loadWorkflowContext":false,"saveWorkflowContext":false,"properties":[{"$id":"1125","name":"Path","expressions":{"$id":"1126","Literal":"/register"}},{"$id":"1127","name":"Methods","expressions":{"$id":"1128","Json":"[\"POST\"]"}},{"$id":"1129","name":"ReadContent","expressions":{"$id":"1130","Literal":"true"}},{"$id":"1131","name":"TargetType","expressions":{"$id":"1132"}},{"$id":"1133","name":"Schema","syntax":"Literal","expressions":{"$id":"1134","Literal":""}},{"$id":"1135","name":"Authorize","expressions":{"$id":"1136"}},{"$id":"1137","name":"Policy","expressions":{"$id":"1138"}}],"propertyStorageProviders":{"$id":"1139"}},{"$id":"1140","activityId":"5283dbe1-1b70-430d-9ed8-3ef7f04538c4","type":"WriteHttpResponse","displayName":"Register a NEW email and password","x":440,"y":80,"persistWorkflow":false,"loadWorkflowContext":false,"saveWorkflowContext":false,"properties":[{"$id":"1141","name":"Content","syntax":"Liquid","expressions":{"$id":"1142","Literal":"","Liquid":"<html class=\"h-full bg-white\">\n    <head>\n        <meta charset=\"UTF-8\">\n        <meta name=\"viewport\" content=\"width=device-width, initial-scale=1.0\">\n        <script src=\"https://cdn.tailwindcss.com?plugins=forms\"></script>\n        <script>\n            tailwind.config = {\n              theme: {\n                extend: {\n                  colors: {\n                    clifford: '#da373d',\n                  }\n                }\n              }\n            }\n          </script>\n          <title>World of Workflows - registration</title>\n          <script src=\"https://cdnjs.cloudflare.com/ajax/libs/crypto-js/4.0.0/crypto-js.min.js\"></script>\n        <style>\n        #companyField {\n            display: none;  /* Initially hide the company field */\n        }\n    </style>\n\n    </head>\n    <body class=\"h-full\">\n        <div class=\"flex min-h-full flex-col justify-center px-6 py-12 lg:px-8\">\n            <div class=\"sm:mx-auto sm:w-full sm:max-w-sm\">\n              <img  class=\"mx-auto h-40 w-auto \"src=\"https://static.wixstatic.com/media/c4cd72_bdd7ebc227704d4da6df04623647905c~mv2.png\" alt=\"World of Workflows\">\n<br>\n<br>\n<br>\n              <h2 class=\"mt-10 text-center text-2xl font-bold leading-9 tracking-tight text-gray-900\">Register at World of Workflows</h2>\n            </div>\n            <div class=\"mt-10 sm:mx-auto sm:w-full sm:max-w-sm\">\n            {{Variables.passwordPrompt}}\n            </div>\n            <div class=\"mt-10 sm:mx-auto sm:w-full sm:max-w-sm\">\n              <form class=\"space-y-6\" action=\"/register\" method=\"POST\">\n                <div>\n                  <label for=\"email\" class=\"block text-sm font-medium leading-6 text-gray-900\">Email address</label>\n                  <div class=\"mt-2\">\n                    <input id=\"email\" name=\"email\" type=\"email\" value=\"{{Variables.NewUser.UserName}}\" autocomplete=\"email\" required class=\"block w-full rounded-md border-0 py-1.5 text-gray-900 shadow-sm ring-1 ring-inset ring-gray-300 placeholder:text-gray-400 focus:ring-2 focus:ring-inset focus:ring-indigo-600 sm:text-sm sm:leading-6\">\n                  </div>\n                </div>\n          \n                <div>\n                  <div class=\"flex items-center justify-between\">\n                    <label for=\"password\" class=\"block text-sm font-medium leading-6 text-gray-900\">Password</label>\n                   \n                  </div>\n                  <div class=\"mt-2\">\n                    <input id=\"password\" name=\"password\" type=\"password\" autocomplete=\"current-password\" required class=\"block w-full rounded-md border-0 py-1.5 text-gray-900 shadow-sm ring-1 ring-inset ring-gray-300 placeholder:text-gray-400 focus:ring-2 focus:ring-inset focus:ring-indigo-600 sm:text-sm sm:leading-6\">\n                  </div>\n                </div>\n               <label for=\"partner\" class=\"block text-sm font-medium leading-6 text-gray-900\">Register as a partner?</label>\n                  <div class=\"mt-2\">\n                    <input type=\"checkbox\" id=\"partner\" name=\"partner\">\n                  </div>\n                    <div id=\"companyField\">\n                        <label for=\"company\"class=\"block text-sm font-medium leading-6 text-gray-900\">Your company</label>\n                      \n                        <input id=\"company\" name=\"company\" type=\"text\"  autocomplete=\"company\" required class=\"block w-full rounded-md border-0 py-1.5 text-gray-900 shadow-sm ring-1 ring-inset ring-gray-300 placeholder:text-gray-400 focus:ring-2 focus:ring-inset focus:ring-indigo-600 sm:text-sm sm:leading-6\">\n                   </div>\n                <div>\n                  <button type=\"submit\" class=\"flex w-full justify-center rounded-md bg-indigo-600 px-3 py-1.5 text-sm font-semibold leading-6 text-white shadow-sm hover:bg-indigo-500 focus-visible:outline focus-visible:outline-2 focus-visible:outline-offset-2 focus-visible:outline-indigo-600\">Register</button>\n                </div>\n              </form>\n          \n            \n            </div>\n          </div>\n          <script>\n            document.getElementById('partner').addEventListener('change', function() {\n                    var companyField = document.getElementById('companyField');\n                    if (this.checked) {\n                        companyField.style.display = 'block';\n                    } else {\n                        companyField.style.display = 'none';\n                    }\n                });\n\n            document.addEventListener(\"DOMContentLoaded\", function() {\n                const form = document.querySelector(\"form\");\n                form.addEventListener(\"submit\", function(event) {\n                    event.preventDefault(); // Prevent the form from submitting\n        \n                    // Get the password input field\n                    const passwordField = document.getElementById(\"password\");\n        \n                    // Hash the password\n                    const hashedPassword = CryptoJS.SHA256(passwordField.value).toString();\n        \n                    // Set the hashed password as the value to be sent\n                    passwordField.value = hashedPassword;\n        \n                    // Now, submit the form\n                    form.submit();\n                });\n            });\n        </script>\n    </body>\n</html>"}},{"$id":"1143","name":"ContentType","expressions":{"$id":"1144","Literal":"text/html"}},{"$id":"1145","name":"StatusCode","expressions":{"$id":"1146","Literal":"OK"}},{"$id":"1147","name":"CharSet","expressions":{"$id":"1148","Literal":"utf-8"}},{"$id":"1149","name":"ResponseHeaders","expressions":{"$id":"1150"}}],"propertyStorageProviders":{"$id":"1151"}},{"$id":"1152","activityId":"a2ab7c68-39ec-4d14-b20c-def51b2bd18e","type":"HttpEndpoint","displayName":"Menu","x":80,"y":-300,"persistWorkflow":false,"loadWorkflowContext":false,"saveWorkflowContext":false,"properties":[{"$id":"1153","name":"Path","expressions":{"$id":"1154","Literal":"/menu"}},{"$id":"1155","name":"Methods","expressions":{"$id":"1156","Json":"[\"GET\"]"}},{"$id":"1157","name":"ReadContent","expressions":{"$id":"1158"}},{"$id":"1159","name":"TargetType","expressions":{"$id":"1160"}},{"$id":"1161","name":"Schema","syntax":"Literal","expressions":{"$id":"1162","Literal":""}},{"$id":"1163","name":"Authorize","expressions":{"$id":"1164"}},{"$id":"1165","name":"Policy","expressions":{"$id":"1166"}},{"$id":"1167","name":"AuthorizeWithCustomHeader","expressions":{"$id":"1168"}},{"$id":"1169","name":"CustomHeaderName","expressions":{"$id":"1170"}},{"$id":"1171","name":"CustomHeaderValue","expressions":{"$id":"1172"}}],"propertyStorageProviders":{"$id":"1173"}},{"$id":"1174","activityId":"6a109af0-a745-4325-ad0e-90ea1e34b59a","type":"WriteHttpResponse","displayName":"HTTP Response - menu page","x":440,"y":-300,"persistWorkflow":false,"loadWorkflowContext":false,"saveWorkflowContext":false,"properties":[{"$id":"1175","name":"Content","expressions":{"$id":"1176","Literal":"<html class=\"h-full bg-white\">\n    <head>\n        <meta charset=\"UTF-8\">\n        <meta name=\"viewport\" content=\"width=device-width, initial-scale=1.0\">\n        <script src=\"https://cdn.tailwindcss.com?plugins=forms\"></script>\n        <script>\n            tailwind.config = {\n              theme: {\n                extend: {\n                  colors: {\n                    clifford: '#da373d',\n                  }\n                }\n              }\n            }\n          </script>\n<title>World of Workflows </title>\n    </head>\n    <body class=\"h-full\">\n        <div class=\"flex min-h-full flex-col justify-center px-6 py-12 lg:px-8\">\n            <div class=\"sm:mx-auto sm:w-full sm:max-w-sm\">\n              <img  class=\"mx-auto h-40 w-auto \"src=\"https://static.wixstatic.com/media/c4cd72_bdd7ebc227704d4da6df04623647905c~mv2.png\" alt=\"World of Workflows - Login menu\">\n<br>\n<br>\n<br>\n              <h2 class=\"block text-med font-medium leading-10 text-gray-900\"><a href=\"/partnerLogin\"> Login as a World of Workflows Partner<a></h2>\n<br>\n <h2 class=\"block text-med font-medium leading-10 text-gray-900\"><a href=\"/registration\"> Register<a></h2>\n<br>\n   <h2 class=\"block text-med font-medium leading-10 text-gray-900\"><a href=\"/helpdesk\"> Login to AI Helpdesk demo<a></h2>\n  \n             </div>\n          \n        \n          </div>\n      \n    </body>\n</html>"}},{"$id":"1177","name":"ContentType","expressions":{"$id":"1178","Literal":"text/html"}},{"$id":"1179","name":"StatusCode","expressions":{"$id":"1180","Literal":"OK"}},{"$id":"1181","name":"CharSet","expressions":{"$id":"1182","Literal":"utf-8"}},{"$id":"1183","name":"ResponseHeaders","expressions":{"$id":"1184"}}],"propertyStorageProviders":{"$id":"1185"}},{"$id":"1186","activityId":"269d4038-17db-4a49-921d-080a49f742c2","type":"WriteHttpResponse","displayName":"HTTP Response - username pls","x":620,"y":-200,"persistWorkflow":false,"loadWorkflowContext":false,"saveWorkflowContext":false,"properties":[{"$id":"1187","name":"Content","syntax":"Liquid","expressions":{"$id":"1188","Literal":"<html class=\"h-full bg-white\">\n    <head>\n        <meta charset=\"UTF-8\">\n        <meta name=\"viewport\" content=\"width=device-width, initial-scale=1.0\">\n        <script src=\"https://cdn.tailwindcss.com?plugins=forms\"></script>\n<title>World of Workflows - Login</title>\n        <script>\n            tailwind.config = {\n              theme: {\n                extend: {\n                  colors: {\n                    clifford: '#da373d',\n                  }\n                }\n              }\n            }\n          </script>\n          <script src=\"https://cdnjs.cloudflare.com/ajax/libs/crypto-js/4.0.0/crypto-js.min.js\"></script>\n    </head>\n    <body class=\"h-full\">\n        <div class=\"flex min-h-full flex-col justify-center px-6 py-12 lg:px-8\">\n            <div class=\"sm:mx-auto sm:w-full sm:max-w-sm\">\n               <img  class=\"mx-auto h-40 w-auto \"src=\"https://static.wixstatic.com/media/c4cd72_bdd7ebc227704d4da6df04623647905c~mv2.png\" alt=\"World of Workflows\">\n<br>\n<br>\n<br>\n              <h2 class=\"mt-10 text-center text-2xl font-bold leading-9 tracking-tight text-gray-900\">Login to register your deal</h2>\n            </div>\n          \n            <div class=\"mt-10 sm:mx-auto sm:w-full sm:max-w-sm\">\n              <form class=\"space-y-6\" action=\"/partnerLoginn\" method=\"POST\">\n                <div>\n                  <label for=\"email\" class=\"block text-sm font-medium leading-6 text-gray-900\">Email address</label>\n                  <div class=\"mt-2\">\n                    <input id=\"email\" name=\"email\" type=\"email\" autocomplete=\"email\" required class=\"block w-full rounded-md border-0 py-1.5 text-gray-900 shadow-sm ring-1 ring-inset ring-gray-300 placeholder:text-gray-400 focus:ring-2 focus:ring-inset focus:ring-indigo-600 sm:text-sm sm:leading-6\">\n                  </div>\n                </div>\n          \n               \n                  <button type=\"submit\" class=\"flex w-full justify-center rounded-md bg-indigo-600 px-3 py-1.5 text-sm font-semibold leading-6 text-white shadow-sm hover:bg-indigo-500 focus-visible:outline focus-visible:outline-2 focus-visible:outline-offset-2 focus-visible:outline-indigo-600\">Login</button>\n                </div>\n              </form>\n          \n            \n            </div>\n          </div>\n         \n    </body>\n</html>","Liquid":"<html class=\"h-full bg-white\">\n    <head>\n        <meta charset=\"UTF-8\">\n        <meta name=\"viewport\" content=\"width=device-width, initial-scale=1.0\">\n        <script src=\"https://cdn.tailwindcss.com?plugins=forms\"></script>\n<title>World of Workflows - Login</title>\n        <script>\n            tailwind.config = {\n              theme: {\n                extend: {\n                  colors: {\n                    clifford: '#da373d',\n                  }\n                }\n              }\n            }\n          </script>\n          <script src=\"https://cdnjs.cloudflare.com/ajax/libs/crypto-js/4.0.0/crypto-js.min.js\"></script>\n    </head>\n    <body class=\"h-full\">\n        <div class=\"flex min-h-full flex-col justify-center px-6 py-12 lg:px-8\">\n            <div class=\"sm:mx-auto sm:w-full sm:max-w-sm\">\n               <img  class=\"mx-auto h-40 w-auto \"src=\"https://static.wixstatic.com/media/c4cd72_bdd7ebc227704d4da6df04623647905c~mv2.png\" alt=\"World of Workflows\">\n<br>\n<br>\n<br>\n              <h2 class=\"mt-10 text-center text-2xl font-bold leading-9 tracking-tight text-gray-900\">Login to register your deal</h2>\n            </div>\n           <div class=\"mt-10 sm:mx-auto sm:w-full sm:max-w-sm\">\n            {{Variables.passwordPrompt}}\n            </div>\n            <div class=\"mt-10 sm:mx-auto sm:w-full sm:max-w-sm\">\n              <form class=\"space-y-6\" action=\"/partnerLoginn\" method=\"POST\">\n                <div>\n                  <label for=\"email\" class=\"block text-sm font-medium leading-6 text-gray-900\">Email address</label>\n                  <div class=\"mt-2\">\n                    <input id=\"email\" name=\"email\" type=\"email\" autocomplete=\"email\" required class=\"block w-full rounded-md border-0 py-1.5 text-gray-900 shadow-sm ring-1 ring-inset ring-gray-300 placeholder:text-gray-400 focus:ring-2 focus:ring-inset focus:ring-indigo-600 sm:text-sm sm:leading-6\">\n                  </div>\n                </div>\n          \n               \n                  <button type=\"submit\" class=\"flex w-full justify-center rounded-md bg-indigo-600 px-3 py-1.5 text-sm font-semibold leading-6 text-white shadow-sm hover:bg-indigo-500 focus-visible:outline focus-visible:outline-2 focus-visible:outline-offset-2 focus-visible:outline-indigo-600\">Login</button>\n                </div>\n              </form>\n          \n            \n            </div>\n          </div>\n         \n    </body>\n</html>"}},{"$id":"1189","name":"ContentType","expressions":{"$id":"1190","Literal":"text/html"}},{"$id":"1191","name":"StatusCode","expressions":{"$id":"1192","Literal":"OK"}},{"$id":"1193","name":"CharSet","expressions":{"$id":"1194","Literal":"utf-8"}},{"$id":"1195","name":"ResponseHeaders","expressions":{"$id":"1196"}}],"propertyStorageProviders":{"$id":"1197"}},{"$id":"1198","activityId":"20a0ace1-9fa8-4495-8456-92ee4831555f","type":"HttpEndpoint","displayName":"partnerLogin - email","x":160,"y":-200,"persistWorkflow":false,"loadWorkflowContext":false,"saveWorkflowContext":false,"properties":[{"$id":"1199","name":"Path","expressions":{"$id":"1200","Literal":"/partnerLogin"}},{"$id":"1201","name":"Methods","expressions":{"$id":"1202","Json":"[\"GET\"]"}},{"$id":"1203","name":"ReadContent","expressions":{"$id":"1204"}},{"$id":"1205","name":"TargetType","expressions":{"$id":"1206"}},{"$id":"1207","name":"Schema","syntax":"Literal","expressions":{"$id":"1208","Literal":""}},{"$id":"1209","name":"Authorize","expressions":{"$id":"1210"}},{"$id":"1211","name":"Policy","expressions":{"$id":"1212"}}],"propertyStorageProviders":{"$id":"1213"}},{"$id":"1214","activityId":"c049c6b2-c33c-4eda-a6ff-3f9806da5d8a","type":"HttpEndpoint","name":"partnerLoginPassword","displayName":"partnerLogin - password","x":160,"y":-80,"persistWorkflow":false,"loadWorkflowContext":false,"saveWorkflowContext":false,"properties":[{"$id":"1215","name":"Path","expressions":{"$id":"1216","Literal":"/partnerLoginn"}},{"$id":"1217","name":"Methods","expressions":{"$id":"1218","Json":"[\"POST\"]"}},{"$id":"1219","name":"ReadContent","expressions":{"$id":"1220","Literal":"true"}},{"$id":"1221","name":"TargetType","expressions":{"$id":"1222"}},{"$id":"1223","name":"Schema","syntax":"Literal","expressions":{"$id":"1224","Literal":""}},{"$id":"1225","name":"Authorize","expressions":{"$id":"1226"}},{"$id":"1227","name":"Policy","expressions":{"$id":"1228"}}],"propertyStorageProviders":{"$id":"1229"}},{"$id":"1230","activityId":"e32386ac-eb37-48f8-84c9-16528fd65210","type":"ObjectInstanceList","name":"getExistingUser","displayName":"get existing user","x":600,"y":200,"persistWorkflow":false,"loadWorkflowContext":false,"saveWorkflowContext":false,"properties":[{"$id":"1231","name":"ObjectType","expressions":{"$id":"1232","Literal":"11"}},{"$id":"1233","name":"Filter","syntax":"JavaScript","expressions":{"$id":"1234","Literal":"Username eq email","JavaScript":"\"UserName eq '\" +activities.register.Output().Body.email + \"'\""}},{"$id":"1235","name":"Skip","expressions":{"$id":"1236"}},{"$id":"1237","name":"Limit","expressions":{"$id":"1238"}},{"$id":"1239","name":"OrderBy","expressions":{"$id":"1240"}}],"propertyStorageProviders":{"$id":"1241"}},{"$id":"1242","activityId":"0882d34e-ce3c-4f8e-b203-e817c29f8406","type":"ObjectInstanceList","name":"getLoginUser","displayName":"get login user","x":620,"y":-80,"persistWorkflow":false,"loadWorkflowContext":false,"saveWorkflowContext":false,"properties":[{"$id":"1243","name":"ObjectType","expressions":{"$id":"1244","Literal":"11"}},{"$id":"1245","name":"Filter","syntax":"JavaScript","expressions":{"$id":"1246","Literal":"Username eq email","JavaScript":"\"UserName eq '\" +activities.partnerLoginPassword.Output().Body.email + \"'\""}},{"$id":"1247","name":"Skip","expressions":{"$id":"1248"}},{"$id":"1249","name":"Limit","expressions":{"$id":"1250"}},{"$id":"1251","name":"OrderBy","expressions":{"$id":"1252"}}],"propertyStorageProviders":{"$id":"1253"}},{"$id":"1254","activityId":"e32304d6-45c2-422d-a0c5-9369713bbc27","type":"If","displayName":"if user found","x":960,"y":240,"persistWorkflow":false,"loadWorkflowContext":false,"saveWorkflowContext":false,"properties":[{"$id":"1255","name":"Condition","syntax":"JavaScript","expressions":{"$id":"1256","JavaScript":"if (isNullOrEmpty( activities.getExistingUser.Output()[0])) {return false}\nreturn true"}}],"propertyStorageProviders":{"$id":"1257"}},{"$id":"1258","activityId":"5454b85e-1732-4020-b17b-2737f50231e1","type":"If","displayName":"if user found","x":1000,"y":-120,"persistWorkflow":false,"loadWorkflowContext":false,"saveWorkflowContext":false,"properties":[{"$id":"1259","name":"Condition","syntax":"JavaScript","expressions":{"$id":"1260","JavaScript":"if (isNullOrEmpty( activities.getLoginUser.Output()[0])) {return false}\nreturn true"}}],"propertyStorageProviders":{"$id":"1261"}},{"$id":"1262","activityId":"9bb10656-4057-40dd-a0c5-8c6092f489e4","type":"ObjectInstanceGet","displayName":"get LoginUser","x":1320,"y":-160,"persistWorkflow":false,"loadWorkflowContext":false,"saveWorkflowContext":false,"properties":[{"$id":"1263","name":"InstanceId","syntax":"JavaScript","expressions":{"$id":"1264","JavaScript":"activities.getLoginUser.Output()[0].ObjectId"}},{"$id":"1265","name":"VariableName","expressions":{"$id":"1266","Literal":"LoginUser"}}],"propertyStorageProviders":{"$id":"1267"}},{"$id":"1268","activityId":"26dedde0-dea6-4f46-9a15-d50efa290540","type":"SetVariable","displayName":"Set ChangeAtNextLogin","x":1740,"y":-180,"persistWorkflow":false,"loadWorkflowContext":false,"saveWorkflowContext":false,"properties":[{"$id":"1269","name":"VariableName","expressions":{"$id":"1270","Literal":"ChangeAtNextLogin"}},{"$id":"1271","name":"Value","syntax":"JavaScript","expressions":{"$id":"1272","JavaScript":"return getVariable(\"LoginUser\").ChangeAtNextLogin"}}],"propertyStorageProviders":{"$id":"1273"}},{"$id":"1274","activityId":"2f8a94fa-4e7a-43e7-9a8f-498a6170d819","type":"WriteHttpResponse","displayName":"HTTP Response","x":3020,"y":-380,"persistWorkflow":false,"loadWorkflowContext":false,"saveWorkflowContext":false,"properties":[{"$id":"1275","name":"Content","syntax":"Liquid","expressions":{"$id":"1276","Literal":"","JavaScript":"getVariable(\"html\")","Liquid":"<html class=\"h-full bg-white\">\n    <head>\n        <meta charset=\"UTF-8\">\n        <meta name=\"viewport\" content=\"width=device-width, initial-scale=1.0\">\n        <script src=\"https://cdn.tailwindcss.com?plugins=forms\"></script>\n        <script>\n            tailwind.config = {\n              theme: {\n                extend: {\n                  colors: {\n                    clifford: '#da373d',\n                  }\n                }\n              }\n            }\n          </script>\n          <script src=\"https://cdnjs.cloudflare.com/ajax/libs/crypto-js/4.0.0/crypto-js.min.js\"></script>\n    </head>\n    <body class=\"h-full\">\n      <div class=\"flex min-h-full flex-col justify-center px-6 py-12 lg:px-8\">\n      <div class=\"rounded-md bg-green-50 p-4\">\n        <div class=\"flex\">\n          <div class=\"flex-shrink-0\">\n            <svg class=\"h-5 w-5 text-green-400\" viewBox=\"0 0 20 20\" fill=\"currentColor\" aria-hidden=\"true\">\n              <path fill-rule=\"evenodd\" d=\"M10 18a8 8 0 100-16 8 8 0 000 16zm3.857-9.809a.75.75 0 00-1.214-.882l-3.483 4.79-1.88-1.88a.75.75 0 10-1.06 1.061l2.5 2.5a.75.75 0 001.137-.089l4-5.5z\" clip-rule=\"evenodd\" />\n            </svg>\n          </div>\n          <div class=\"ml-3\">\n            <h3 class=\"text-sm font-medium text-green-800\">Registration Completed</h3>\n          <!--  <div class=\"mt-2 text-sm text-green-700\">\n              <p>Please click below to continue to register your deals.</p>\n            </div>\n-->\n            <div class=\"mt-4\">\n              <div class=\"-mx-2 -my-1.5 flex\">\n                <a href=\"/newDeal?user={{Variables.NewUser.UserName}}\" type=\"button\" class=\"rounded-md bg-green-50 px-2 py-1.5 text-sm font-medium text-green-800 hover:bg-green-100 focus:outline-none focus:ring-2 focus:ring-green-600 focus:ring-offset-2 focus:ring-offset-green-50\">Register your deals</a>\n              </div>\n            </div>\n          </div>\n        </div>\n      </div>\n    </div>\n    </body>\n</html>"}},{"$id":"1277","name":"ContentType","expressions":{"$id":"1278","Literal":"text/html"}},{"$id":"1279","name":"StatusCode","expressions":{"$id":"1280","Literal":"OK"}},{"$id":"1281","name":"CharSet","expressions":{"$id":"1282","Literal":"utf-8"}},{"$id":"1283","name":"ResponseHeaders","expressions":{"$id":"1284"}}],"propertyStorageProviders":{"$id":"1285"}},{"$id":"1286","activityId":"16fd27db-e6fa-4932-b3f8-e5ae88b6cbde","type":"ObjectInstanceGet","displayName":"get NewUser","x":1340,"y":140,"persistWorkflow":false,"loadWorkflowContext":false,"saveWorkflowContext":false,"properties":[{"$id":"1287","name":"InstanceId","syntax":"JavaScript","expressions":{"$id":"1288","JavaScript":"activities.getExistingUser.Output()[0].ObjectId"}},{"$id":"1289","name":"VariableName","expressions":{"$id":"1290","Literal":"NewUser"}}],"propertyStorageProviders":{"$id":"1291"}},{"$id":"1292","activityId":"cafdb3e5-6530-4ea7-9564-ca533e3230e8","type":"WriteHttpResponse","displayName":"HTTP Response - enter helpdesk","x":4280,"y":320,"persistWorkflow":false,"loadWorkflowContext":false,"saveWorkflowContext":false,"properties":[{"$id":"1293","name":"Content","expressions":{"$id":"1294","Literal":"<html class=\"h-full bg-white\">\n    <head>\n        <meta charset=\"UTF-8\">\n        <meta name=\"viewport\" content=\"width=device-width, initial-scale=1.0\">\n        <script src=\"https://cdn.tailwindcss.com?plugins=forms\"></script>\n        <script>\n            tailwind.config = {\n              theme: {\n                extend: {\n                  colors: {\n                    clifford: '#da373d',\n                  }\n                }\n              }\n            }\n          </script>\n          <script src=\"https://cdnjs.cloudflare.com/ajax/libs/crypto-js/4.0.0/crypto-js.min.js\"></script>\n    </head>\n    <body class=\"h-full\">\n      <div class=\"flex min-h-full flex-col justify-center px-6 py-12 lg:px-8\">\n      <div class=\"rounded-md bg-green-50 p-4\">\n        <div class=\"flex\">\n          <div class=\"flex-shrink-0\">\n            <svg class=\"h-5 w-5 text-green-400\" viewBox=\"0 0 20 20\" fill=\"currentColor\" aria-hidden=\"true\">\n              <path fill-rule=\"evenodd\" d=\"M10 18a8 8 0 100-16 8 8 0 000 16zm3.857-9.809a.75.75 0 00-1.214-.882l-3.483 4.79-1.88-1.88a.75.75 0 10-1.06 1.061l2.5 2.5a.75.75 0 001.137-.089l4-5.5z\" clip-rule=\"evenodd\" />\n            </svg>\n          </div>\n          <div class=\"ml-3\">\n            <h3 class=\"text-sm font-medium text-green-800\">Registration Completed</h3>\n            <div class=\"mt-2 text-sm text-green-700\">\n              <p>Please click below to continue to use the application.</p>\n            </div>\n            <div class=\"mt-4\">\n              <div class=\"-mx-2 -my-1.5 flex\">\n                <a href=\"/helpdesk\" type=\"button\" class=\"rounded-md bg-green-50 px-2 py-1.5 text-sm font-medium text-green-800 hover:bg-green-100 focus:outline-none focus:ring-2 focus:ring-green-600 focus:ring-offset-2 focus:ring-offset-green-50\">Enter Helpdesk</a>\n              </div>\n            </div>\n          </div>\n        </div>\n      </div>\n    </div>\n    </body>\n</html>"}},{"$id":"1295","name":"ContentType","expressions":{"$id":"1296","Literal":"text/html"}},{"$id":"1297","name":"StatusCode","expressions":{"$id":"1298","Literal":"OK"}},{"$id":"1299","name":"CharSet","expressions":{"$id":"1300","Literal":"utf-8"}},{"$id":"1301","name":"ResponseHeaders","expressions":{"$id":"1302"}}],"propertyStorageProviders":{"$id":"1303"}},{"$id":"1304","activityId":"ace168fa-07f4-44d3-982e-40826211d43a","type":"If","displayName":"if partner","x":3900,"y":300,"persistWorkflow":false,"loadWorkflowContext":false,"saveWorkflowContext":false,"properties":[{"$id":"1305","name":"Condition","syntax":"JavaScript","expressions":{"$id":"1306","JavaScript":"if(isNullOrEmpty(getVariable(\"NewUser\").Partner)) {return false}\nif(getVariable(\"NewUser\").Partner) {return true}\nreturn false"}}],"propertyStorageProviders":{"$id":"1307"}},{"$id":"1308","activityId":"375cb9ea-601e-4b70-bb61-5e6f15744206","type":"If","displayName":"if oldPassword matches stored password","x":2220,"y":-40,"persistWorkflow":false,"loadWorkflowContext":false,"saveWorkflowContext":false,"properties":[{"$id":"1309","name":"Condition","syntax":"JavaScript","expressions":{"$id":"1310","JavaScript":"if (getVariable(\"NewUser\").Password ==  activities.register.Output().Body.oldPassword) {return true}\nreturn false"}}],"propertyStorageProviders":{"$id":"1311"}},{"$id":"1312","activityId":"557d6776-99c6-4ec2-9ed3-083b08f4e74c","type":"If","displayName":"if password hash matches","x":3200,"y":200,"persistWorkflow":false,"loadWorkflowContext":false,"saveWorkflowContext":false,"properties":[{"$id":"1313","name":"Condition","syntax":"JavaScript","expressions":{"$id":"1314","JavaScript":"if (getVariable(\"NewUser\").Password ==  activities.register.Output().Body.password) {return true}\nreturn false"}}],"propertyStorageProviders":{"$id":"1315"}},{"$id":"1316","activityId":"d0d5ec0d-5df4-4ba8-9e48-9d335be5e65a","type":"SetVariable","displayName":"Set passwordPrompt","x":3580,"y":540,"persistWorkflow":false,"loadWorkflowContext":false,"saveWorkflowContext":false,"properties":[{"$id":"1317","name":"VariableName","expressions":{"$id":"1318","Literal":"passwordPrompt"}},{"$id":"1319","name":"Value","syntax":"Liquid","expressions":{"$id":"1320","Literal":"We already have password does not match our records","Liquid":"We already have a registration for {{Variables.NewUser.UserName}}, and the password you entered does not match our records"}}],"propertyStorageProviders":{"$id":"1321"}},{"$id":"1322","activityId":"eee99e01-3953-4a38-adf0-864d55ff0414","type":"If","displayName":"if ChangeAtNextLogin","x":1740,"y":80,"persistWorkflow":false,"loadWorkflowContext":false,"saveWorkflowContext":false,"properties":[{"$id":"1323","name":"Condition","syntax":"JavaScript","expressions":{"$id":"1324","JavaScript":"return getVariable(\"NewUser\").ChangeAtNextLogin"}}],"propertyStorageProviders":{"$id":"1325"}},{"$id":"1326","activityId":"2b87b815-ecd9-4303-af24-b578fbb5abd1","type":"If","displayName":"if ChangeAtNextLogin","x":2100,"y":-300,"persistWorkflow":false,"loadWorkflowContext":false,"saveWorkflowContext":false,"properties":[{"$id":"1327","name":"Condition","syntax":"JavaScript","expressions":{"$id":"1328","JavaScript":"return getVariable(\"LoginUser\").ChangeAtNextLogin"}}],"propertyStorageProviders":{"$id":"1329"}},{"$id":"1330","activityId":"52a6ed9e-292a-41be-a347-321d707566bc","type":"WriteHttpResponse","name":"","displayName":"HTTP Response get newPassword","x":2480,"y":-460,"persistWorkflow":false,"loadWorkflowContext":false,"saveWorkflowContext":false,"properties":[{"$id":"1331","name":"Content","syntax":"Liquid","expressions":{"$id":"1332","Literal":"<html class=\"h-full bg-white\">\n    <head>\n        <meta charset=\"UTF-8\">\n        <meta name=\"viewport\" content=\"width=device-width, initial-scale=1.0\">\n        <script src=\"https://cdn.tailwindcss.com?plugins=forms\"></script>\n<title>World of Workflows - Login2</title>\n        <script>\n            tailwind.config = {\n              theme: {\n                extend: {\n                  colors: {\n                    clifford: '#da373d',\n                  }\n                }\n              }\n            }\n          </script>\n          <script src=\"https://cdnjs.cloudflare.com/ajax/libs/crypto-js/4.0.0/crypto-js.min.js\"></script>\n    </head>\n    <body class=\"h-full\">\n        <div class=\"flex min-h-full flex-col justify-center px-6 py-12 lg:px-8\">\n            <div class=\"sm:mx-auto sm:w-full sm:max-w-sm\">\n               <img  class=\"mx-auto h-40 w-auto \"src=\"https://static.wixstatic.com/media/c4cd72_bdd7ebc227704d4da6df04623647905c~mv2.png\" alt=\"World of Workflows\">\n<br>\n<br>\n<br>\n              <h2 class=\"mt-10 text-center text-2xl font-bold leading-9 tracking-tight text-gray-900\">Login to register your deal</h2>\n            </div>\n          \n            <div class=\"mt-10 sm:mx-auto sm:w-full sm:max-w-sm\">\n              <form class=\"space-y-6\" action=\"/register\" method=\"POST\">\n                <div>\n                  <label for=\"email\" class=\"block text-sm font-medium leading-6 text-gray-900\">Email address</label>\n                  <div class=\"mt-2\">\n                    <input id=\"email\" name=\"email\" type=\"email\" autocomplete=\"email\" required class=\"block w-full rounded-md border-0 py-1.5 text-gray-900 shadow-sm ring-1 ring-inset ring-gray-300 placeholder:text-gray-400 focus:ring-2 focus:ring-inset focus:ring-indigo-600 sm:text-sm sm:leading-6\">\n                  </div>\n                </div>\n          \n                <div>\n                  <div class=\"flex items-center justify-between\">\n                    <label for=\"password\" class=\"block text-sm font-medium leading-6 text-gray-900\">Password</label>\n                   \n                  </div>\n                  <div class=\"mt-2\">\n                    <input id=\"password\" name=\"password\" type=\"password\" autocomplete=\"current-password\" required class=\"block w-full rounded-md border-0 py-1.5 text-gray-900 shadow-sm ring-1 ring-inset ring-gray-300 placeholder:text-gray-400 focus:ring-2 focus:ring-inset focus:ring-indigo-600 sm:text-sm sm:leading-6\">\n                  </div>\n                </div>\n          \n                <div>\n                  <button type=\"submit\" class=\"flex w-full justify-center rounded-md bg-indigo-600 px-3 py-1.5 text-sm font-semibold leading-6 text-white shadow-sm hover:bg-indigo-500 focus-visible:outline focus-visible:outline-2 focus-visible:outline-offset-2 focus-visible:outline-indigo-600\">Login</button>\n                </div>\n              </form>\n          \n            \n            </div>\n          </div>\n          <script>\n            document.addEventListener(\"DOMContentLoaded\", function() {\n                const form = document.querySelector(\"form\");\n                form.addEventListener(\"submit\", function(event) {\n                    event.preventDefault(); // Prevent the form from submitting\n        \n                    // Get the password input field\n                    const passwordField = document.getElementById(\"password\");\n        \n                    // Hash the password\n                    const hashedPassword = CryptoJS.SHA256(passwordField.value).toString();\n        \n                    // Set the hashed password as the value to be sent\n                    passwordField.value = hashedPassword;\n        \n                    // Now, submit the form\n                    form.submit();\n                });\n            });\n        </script>\n    </body>\n</html>","Liquid":"<html class=\"h-full bg-white\">\n    <head>\n        <meta charset=\"UTF-8\">\n        <meta name=\"viewport\" content=\"width=device-width, initial-scale=1.0\">\n        <script src=\"https://cdn.tailwindcss.com?plugins=forms\"></script>\n<title>World of Workflows - Login</title>\n        <script>\n            tailwind.config = {\n              theme: {\n                extend: {\n                  colors: {\n                    clifford: '#da373d',\n                  }\n                }\n              }\n            }\n          </script>\n          <script src=\"https://cdnjs.cloudflare.com/ajax/libs/crypto-js/4.0.0/crypto-js.min.js\"></script>\n    </head>\n    <body class=\"h-full\">\n        <div class=\"flex min-h-full flex-col justify-center px-6 py-12 lg:px-8\">\n            <div class=\"sm:mx-auto sm:w-full sm:max-w-sm\">\n               <img  class=\"mx-auto h-40 w-auto \"src=\"https://static.wixstatic.com/media/c4cd72_bdd7ebc227704d4da6df04623647905c~mv2.png\" alt=\"World of Workflows\">\n<br>\n<br>\n<br>\n              <h2 class=\"mt-10 text-center text-2xl font-bold leading-9 tracking-tight text-gray-900\">Login to register your deal</h2>\n            </div>\n          \n            <div class=\"mt-10 sm:mx-auto sm:w-full sm:max-w-sm\">\n              <form class=\"space-y-6\" action=\"/register\" method=\"POST\">\n                <div>\n                  <label for=\"email\" class=\"block text-sm font-medium leading-6 text-gray-900\">Email address</label>\n                  <div class=\"mt-2\">\n                    <input readonly id=\"email\" value = \"{{Variables.LoginUser.UserName}}\" name=\"email\"   class=\"block w-full rounded-md border-0 py-1.5 text-gray-900 shadow-sm ring-1 ring-inset ring-gray-300 placeholder:text-gray-400 focus:ring-2 focus:ring-inset focus:ring-indigo-600 sm:text-sm sm:leading-6\">\n                    <input hidden id=\"change\" value = \"{{Variables.ChangeAtNextLogin}}\" name=\"change\">\n                  </div>\n                </div>\n          \n                <div>\n                  <div class=\"flex items-center justify-between\">\n                    <label for=\"oldPassword\" class=\"block text-sm font-medium leading-6 text-gray-900\">Old Password</label>\n                   \n                  </div>\n                  <div class=\"mt-2\">\n                    <input id=\"oldPassword\" name=\"oldPassword\" type=\"password\" autocomplete=\"current-password\" required class=\"block w-full rounded-md border-0 py-1.5 text-gray-900 shadow-sm ring-1 ring-inset ring-gray-300 placeholder:text-gray-400 focus:ring-2 focus:ring-inset focus:ring-indigo-600 sm:text-sm sm:leading-6\">\n                  </div>\n                </div>\n                <div>\n                  <div class=\"flex items-center justify-between\">\n                    <label for=\"password\" class=\"block text-sm font-medium leading-6 text-gray-900\">New Password</label>\n                   \n                  </div>\n                  <div class=\"mt-2\">\n                    <input id=\"password\" name=\"password\" type=\"password\" autocomplete=\"new-password\" required class=\"block w-full rounded-md border-0 py-1.5 text-gray-900 shadow-sm ring-1 ring-inset ring-gray-300 placeholder:text-gray-400 focus:ring-2 focus:ring-inset focus:ring-indigo-600 sm:text-sm sm:leading-6\">\n                  </div>\n                </div>\n                <div>\n                  <button type=\"submit\" class=\"flex w-full justify-center rounded-md bg-indigo-600 px-3 py-1.5 text-sm font-semibold leading-6 text-white shadow-sm hover:bg-indigo-500 focus-visible:outline focus-visible:outline-2 focus-visible:outline-offset-2 focus-visible:outline-indigo-600\">Set new password and Login</button>\n                </div>\n              </form>\n          \n            \n            </div>\n          </div>\n          <script>\n            document.addEventListener(\"DOMContentLoaded\", function() {\n                const form = document.querySelector(\"form\");\n                form.addEventListener(\"submit\", function(event) {\n                    event.preventDefault(); // Prevent the form from submitting\n        \n                    // Get the password input fields\n                    const oldPasswordField = document.getElementById(\"oldPassword\");\n                    const passwordField = document.getElementById(\"password\");\n\n                    // Get the change input field\n                  //  const changeField = document.getElementById(\"change\");\n                    \n        \n                    // Set the hashed password as the value to be sent\n               //     if (changeField.value == \"true\") {\n                         // Hash the password\n                    const hashedPassword = CryptoJS.SHA256(passwordField.value).toString();\n                    passwordField.value = hashedPassword;\n                 //   }\n                    //else { }\n\n\n                    // Now, submit the form\n                    form.submit();\n                });\n            });\n        </script>\n    </body>\n</html>"}},{"$id":"1333","name":"ContentType","expressions":{"$id":"1334","Literal":"text/html"}},{"$id":"1335","name":"StatusCode","expressions":{"$id":"1336","Literal":"OK"}},{"$id":"1337","name":"CharSet","expressions":{"$id":"1338","Literal":"utf-8"}},{"$id":"1339","name":"ResponseHeaders","expressions":{"$id":"1340"}}],"propertyStorageProviders":{"$id":"1341"}},{"$id":"1342","activityId":"7bf6a4b3-7462-4be8-99b4-3d3d1fd89cc9","type":"WriteHttpResponse","name":"getPassword","displayName":"HTTP Response getPassword","x":2520,"y":-220,"persistWorkflow":false,"loadWorkflowContext":false,"saveWorkflowContext":false,"properties":[{"$id":"1343","name":"Content","syntax":"Liquid","expressions":{"$id":"1344","Literal":"<html class=\"h-full bg-white\">\n    <head>\n        <meta charset=\"UTF-8\">\n        <meta name=\"viewport\" content=\"width=device-width, initial-scale=1.0\">\n        <script src=\"https://cdn.tailwindcss.com?plugins=forms\"></script>\n<title>World of Workflows - Login2</title>\n        <script>\n            tailwind.config = {\n              theme: {\n                extend: {\n                  colors: {\n                    clifford: '#da373d',\n                  }\n                }\n              }\n            }\n          </script>\n          <script src=\"https://cdnjs.cloudflare.com/ajax/libs/crypto-js/4.0.0/crypto-js.min.js\"></script>\n    </head>\n    <body class=\"h-full\">\n        <div class=\"flex min-h-full flex-col justify-center px-6 py-12 lg:px-8\">\n            <div class=\"sm:mx-auto sm:w-full sm:max-w-sm\">\n               <img  class=\"mx-auto h-40 w-auto \"src=\"https://static.wixstatic.com/media/c4cd72_bdd7ebc227704d4da6df04623647905c~mv2.png\" alt=\"World of Workflows\">\n<br>\n<br>\n<br>\n              <h2 class=\"mt-10 text-center text-2xl font-bold leading-9 tracking-tight text-gray-900\">Login to register your deal</h2>\n            </div>\n          \n            <div class=\"mt-10 sm:mx-auto sm:w-full sm:max-w-sm\">\n              <form class=\"space-y-6\" action=\"/register\" method=\"POST\">\n                <div>\n                  <label for=\"email\" class=\"block text-sm font-medium leading-6 text-gray-900\">Email address</label>\n                  <div class=\"mt-2\">\n                    <input id=\"email\" name=\"email\" type=\"email\" autocomplete=\"email\" required class=\"block w-full rounded-md border-0 py-1.5 text-gray-900 shadow-sm ring-1 ring-inset ring-gray-300 placeholder:text-gray-400 focus:ring-2 focus:ring-inset focus:ring-indigo-600 sm:text-sm sm:leading-6\">\n                  </div>\n                </div>\n          \n                <div>\n                  <div class=\"flex items-center justify-between\">\n                    <label for=\"password\" class=\"block text-sm font-medium leading-6 text-gray-900\">Password</label>\n                   \n                  </div>\n                  <div class=\"mt-2\">\n                    <input id=\"password\" name=\"password\" type=\"password\" autocomplete=\"current-password\" required class=\"block w-full rounded-md border-0 py-1.5 text-gray-900 shadow-sm ring-1 ring-inset ring-gray-300 placeholder:text-gray-400 focus:ring-2 focus:ring-inset focus:ring-indigo-600 sm:text-sm sm:leading-6\">\n                  </div>\n                </div>\n          \n                <div>\n                  <button type=\"submit\" class=\"flex w-full justify-center rounded-md bg-indigo-600 px-3 py-1.5 text-sm font-semibold leading-6 text-white shadow-sm hover:bg-indigo-500 focus-visible:outline focus-visible:outline-2 focus-visible:outline-offset-2 focus-visible:outline-indigo-600\">Login</button>\n                </div>\n              </form>\n          \n            \n            </div>\n          </div>\n          <script>\n            document.addEventListener(\"DOMContentLoaded\", function() {\n                const form = document.querySelector(\"form\");\n                form.addEventListener(\"submit\", function(event) {\n                    event.preventDefault(); // Prevent the form from submitting\n        \n                    // Get the password input field\n                    const passwordField = document.getElementById(\"password\");\n        \n                    // Hash the password\n                    const hashedPassword = CryptoJS.SHA256(passwordField.value).toString();\n        \n                    // Set the hashed password as the value to be sent\n                    passwordField.value = hashedPassword;\n        \n                    // Now, submit the form\n                    form.submit();\n                });\n            });\n        </script>\n    </body>\n</html>","Liquid":"<html class=\"h-full bg-white\">\n    <head>\n        <meta charset=\"UTF-8\">\n        <meta name=\"viewport\" content=\"width=device-width, initial-scale=1.0\">\n        <script src=\"https://cdn.tailwindcss.com?plugins=forms\"></script>\n<title>World of Workflows - Login</title>\n        <script>\n            tailwind.config = {\n              theme: {\n                extend: {\n                  colors: {\n                    clifford: '#da373d',\n                  }\n                }\n              }\n            }\n          </script>\n          <script src=\"https://cdnjs.cloudflare.com/ajax/libs/crypto-js/4.0.0/crypto-js.min.js\"></script>\n    </head>\n    <body class=\"h-full\">\n        <div class=\"flex min-h-full flex-col justify-center px-6 py-12 lg:px-8\">\n            <div class=\"sm:mx-auto sm:w-full sm:max-w-sm\">\n               <img  class=\"mx-auto h-40 w-auto \"src=\"https://static.wixstatic.com/media/c4cd72_bdd7ebc227704d4da6df04623647905c~mv2.png\" alt=\"World of Workflows\">\n<br>\n<br>\n<br>\n              <h2 class=\"mt-10 text-center text-2xl font-bold leading-9 tracking-tight text-gray-900\">Login to register your deal</h2>\n            </div>\n          \n            <div class=\"mt-10 sm:mx-auto sm:w-full sm:max-w-sm\">\n              <form class=\"space-y-6\" action=\"/register\" method=\"POST\">\n                <div>\n                  <label for=\"email\" class=\"block text-sm font-medium leading-6 text-gray-900\">Email address</label>\n                  <div class=\"mt-2\">\n                    <input readonly id=\"email\" value = \"{{Variables.LoginUser.UserName}}\" name=\"email\"   class=\"block w-full rounded-md border-0 py-1.5 text-gray-900 shadow-sm ring-1 ring-inset ring-gray-300 placeholder:text-gray-400 focus:ring-2 focus:ring-inset focus:ring-indigo-600 sm:text-sm sm:leading-6\">\n                    <input hidden id=\"change\" value = \"{{Variables.ChangeAtNextLogin}}\" name=\"change\">\n                  </div>\n                </div>\n          \n                <div>\n                  <div class=\"flex items-center justify-between\">\n                    <label for=\"password\" class=\"block text-sm font-medium leading-6 text-gray-900\">Password</label>\n                   \n                  </div>\n                  <div class=\"mt-2\">\n                    <input id=\"password\" name=\"password\" type=\"password\" autocomplete=\"current-password\" required class=\"block w-full rounded-md border-0 py-1.5 text-gray-900 shadow-sm ring-1 ring-inset ring-gray-300 placeholder:text-gray-400 focus:ring-2 focus:ring-inset focus:ring-indigo-600 sm:text-sm sm:leading-6\">\n                  </div>\n                </div>\n          \n                <div>\n                  <button type=\"submit\" class=\"flex w-full justify-center rounded-md bg-indigo-600 px-3 py-1.5 text-sm font-semibold leading-6 text-white shadow-sm hover:bg-indigo-500 focus-visible:outline focus-visible:outline-2 focus-visible:outline-offset-2 focus-visible:outline-indigo-600\">Login</button>\n                </div>\n              </form>\n          \n            \n            </div>\n          </div>\n          <script>\n            document.addEventListener(\"DOMContentLoaded\", function() {\n                const form = document.querySelector(\"form\");\n                form.addEventListener(\"submit\", function(event) {\n                    event.preventDefault(); // Prevent the form from submitting\n        \n                    // Get the password input field\n                    const passwordField = document.getElementById(\"password\");\n\n                    // Get the change input field\n                    const changeField = document.getElementById(\"change\");\n                    \n        \n                    // Hash the password\n                    const hashedPassword = CryptoJS.SHA256(passwordField.value).toString();\n        \n       // console.log(\"changeField\")\n       // console.log(changeField.value)\n                    // Set the hashed password as the value to be sent\n                    if (changeField.value == \"true\") {}\n                    else {  passwordField.value = hashedPassword;}\n\n\n                    // Now, submit the form\n                    form.submit();\n                });\n            });\n        </script>\n    </body>\n</html>"}},{"$id":"1345","name":"ContentType","expressions":{"$id":"1346","Literal":"text/html"}},{"$id":"1347","name":"StatusCode","expressions":{"$id":"1348","Literal":"OK"}},{"$id":"1349","name":"CharSet","expressions":{"$id":"1350","Literal":"utf-8"}},{"$id":"1351","name":"ResponseHeaders","expressions":{"$id":"1352"}}],"propertyStorageProviders":{"$id":"1353"}},{"$id":"1354","activityId":"3dca07e6-59ef-46a5-a94b-1c7bba6f2bc4","type":"HttpEndpoint","displayName":"registration","x":60,"y":80,"persistWorkflow":false,"loadWorkflowContext":false,"saveWorkflowContext":false,"properties":[{"$id":"1355","name":"Path","expressions":{"$id":"1356","Literal":"/registration"}},{"$id":"1357","name":"Methods","expressions":{"$id":"1358","Json":"[\"GET\"]"}},{"$id":"1359","name":"ReadContent","expressions":{"$id":"1360"}},{"$id":"1361","name":"TargetType","expressions":{"$id":"1362"}},{"$id":"1363","name":"Schema","syntax":"Literal","expressions":{"$id":"1364","Literal":""}},{"$id":"1365","name":"Authorize","expressions":{"$id":"1366"}},{"$id":"1367","name":"Policy","expressions":{"$id":"1368"}}],"propertyStorageProviders":{"$id":"1369"}},{"$id":"1370","activityId":"04d3e152-be33-4bc2-9fde-d16af38cc30a","type":"ObjectInstanceList","name":"getLeads","displayName":"List Leads with this name","x":4140,"y":100,"persistWorkflow":false,"loadWorkflowContext":false,"saveWorkflowContext":false,"properties":[{"$id":"1371","name":"ObjectType","expressions":{"$id":"1372","Literal":"20"}},{"$id":"1373","name":"Filter","syntax":"Liquid","expressions":{"$id":"1374","Liquid":"Company eq '{{Variables.NewUser.CompanyName}}'"}},{"$id":"1375","name":"Skip","expressions":{"$id":"1376"}},{"$id":"1377","name":"Limit","expressions":{"$id":"1378"}},{"$id":"1379","name":"OrderBy","expressions":{"$id":"1380"}}],"propertyStorageProviders":{"$id":"1381"}},{"$id":"1382","activityId":"696208ce-aae3-495e-abdc-1bd990689bd9","type":"If","displayName":"If We have a Lead matching the entered company name","x":4580,"y":60,"persistWorkflow":false,"loadWorkflowContext":false,"saveWorkflowContext":false,"properties":[{"$id":"1383","name":"Condition","syntax":"JavaScript","expressions":{"$id":"1384","JavaScript":"activities.getLeads.Output().count >0"}}],"propertyStorageProviders":{"$id":"1385"}},{"$id":"1386","activityId":"a6eccaa3-4fa0-4e51-9bfc-99e72113f36e","type":"ObjectInstanceGet","displayName":"Get Lead","x":5200,"y":-20,"persistWorkflow":false,"loadWorkflowContext":false,"saveWorkflowContext":false,"properties":[{"$id":"1387","name":"InstanceId","syntax":"JavaScript","expressions":{"$id":"1388","Literal":"activities.MatchingUsers.Output().count >0","JavaScript":"activities.getLeads.Output()[0].ObjectId"}},{"$id":"1389","name":"VariableName","expressions":{"$id":"1390","Literal":"Lead"}}],"propertyStorageProviders":{"$id":"1391"}},{"$id":"1392","activityId":"60c6f045-6014-4aab-92e6-2151e4b8f124","type":"ObjectInstanceUpdate","displayName":"Update NewUser with password hash from POST","x":2900,"y":-140,"persistWorkflow":false,"loadWorkflowContext":false,"saveWorkflowContext":false,"properties":[{"$id":"1393","name":"InstanceId","syntax":"Liquid","expressions":{"$id":"1394","Liquid":"{{Variables.NewUser.ObjectId}}"}},{"$id":"1395","name":"ClearOmittedFields","expressions":{"$id":"1396"}},{"$id":"1397","name":"Values","syntax":"JavaScript","expressions":{"$id":"1398","JavaScript":"let r = '{\\n'\nr += '\"Password\":\"'\nr += activities.register.Output().Body.password\nr += '\",\\n'\nr += '\"ChangeAtNextLogin\":false\\n'\nr += '}'\n\nreturn JSON.parse(r)"}},{"$id":"1399","name":"VariableName","expressions":{"$id":"1400","Literal":"NewUser"}}],"propertyStorageProviders":{"$id":"1401"}},{"$id":"1402","activityId":"d611e339-4a0b-4bc7-9c38-d7f8a6ac9fc6","type":"ObjectInstanceUpdate","displayName":"Update NewUser with Lead","x":5680,"y":0,"persistWorkflow":false,"loadWorkflowContext":false,"saveWorkflowContext":false,"properties":[{"$id":"1403","name":"InstanceId","syntax":"Liquid","expressions":{"$id":"1404","Liquid":"{{Variables.NewUser.ObjectId}}"}},{"$id":"1405","name":"ClearOmittedFields","expressions":{"$id":"1406"}},{"$id":"1407","name":"Values","syntax":"JavaScript","expressions":{"$id":"1408","JavaScript":"let r = '{'\nr += '\"Lead\":'\nr += getVariable(\"Lead\").ObjectId\nr += '}'\n\nreturn JSON.parse(r)"}},{"$id":"1409","name":"VariableName","expressions":{"$id":"1410","Literal":"NewUser"}}],"propertyStorageProviders":{"$id":"1411"}},{"$id":"1412","activityId":"5047818c-8bd0-4885-becf-d8518d3fbac9","type":"ObjectInstanceCreate","displayName":"Create NewUser","x":2940,"y":440,"persistWorkflow":false,"loadWorkflowContext":false,"saveWorkflowContext":false,"properties":[{"$id":"1413","name":"ObjectType","expressions":{"$id":"1414","Literal":"11"}},{"$id":"1415","name":"Values","syntax":"JavaScript","expressions":{"$id":"1416","JavaScript":"var result = {\r\n    \"UserName\": activities.register.Output().Body.email,\r\n    \"Password\": activities.register.Output().Body.password,\r\n    \"Partner\": activities.register.Output().Body.partner,\r\n    \"CompanyName\": activities.register.Output().Body.company\r\n};\r\nreturn result;"}},{"$id":"1417","name":"VariableName","expressions":{"$id":"1418","Literal":"NewUser"}}],"propertyStorageProviders":{"$id":"1419"}},{"$id":"1420","activityId":"1d4e03e4-2dde-48f8-bdef-97aaa6ed366c","type":"ObjectInstanceCreate","displayName":"Create Lead","x":5220,"y":180,"persistWorkflow":false,"loadWorkflowContext":false,"saveWorkflowContext":false,"properties":[{"$id":"1421","name":"ObjectType","expressions":{"$id":"1422","Literal":"20"}},{"$id":"1423","name":"Values","syntax":"JavaScript","expressions":{"$id":"1424","JavaScript":"var result = {\r\n    \"Company\": activities.register.Output().Body.company,\r\n    \"Email\": activities.register.Output().Body.email,\r\n    \"Type\": 323,\r\n    \"Status\": 349\r\n};\r\nreturn result;"}},{"$id":"1425","name":"VariableName","expressions":{"$id":"1426","Literal":"Lead"}}],"propertyStorageProviders":{"$id":"1427"}},{"$id":"1428","activityId":"d96c2c05-85e6-474f-b55a-f94fc835b7f2","type":"WriteHttpResponse","displayName":"redirect to /newDeal","x":6160,"y":-20,"persistWorkflow":false,"loadWorkflowContext":false,"saveWorkflowContext":false,"properties":[{"$id":"1429","name":"Content","syntax":"Liquid","expressions":{"$id":"1430","Literal":"<!DOCTYPE html>\n<html lang=\"en\">\n<head>\n  <meta charset=\"UTF-8\">\n  <title>Auto Submit Form</title>\n  <script>\n    window.onload = function() {\n      // Automatically submit the form when the page loads\n      document.forms[0].submit();\n    };\n  </script>\n</head>\n<body>\n\n  <form action=\"/opportunities\" method=\"post\" id=\"autoSubmitForm\">\n    <!-- Hidden fields or any other information can be added here -->\n  </form>\n\n</body>\n</html>\n","Liquid":"<!DOCTYPE html>\n<html lang=\"en\">\n<head>\n  <meta charset=\"UTF-8\">\n  <title>Auto Submit Form</title>\n  <script>\n    window.onload = function() {\n      // Automatically submit the form when the page loads\n      document.forms[0].submit();\n    };\n  </script>\n</head>\n<body>\n\n  <form action=\"/opportunities\" method=\"post\" id=\"autoSubmitForm\">\n    <!-- Hidden fields or any other information can be added here -->\n      <input type=\"hidden\" name=\"email\" value=\"{{Variables.NewUser.UserName}}\">\n  </form>\n\n</body>\n</html>\n"}},{"$id":"1431","name":"ContentType","expressions":{"$id":"1432","Literal":"text/html"}},{"$id":"1433","name":"StatusCode","expressions":{"$id":"1434","Literal":"OK"}},{"$id":"1435","name":"CharSet","expressions":{"$id":"1436","Literal":"utf-8"}},{"$id":"1437","name":"ResponseHeaders","expressions":{"$id":"1438"}}],"propertyStorageProviders":{"$id":"1439"}}],"connections":[{"$id":"1440","sourceActivityId":"8b3962f1-892a-464b-a1dd-2343115f1ab6","targetActivityId":"47720dcc-2f9e-4cea-898e-e97f9fd1c03b","outcome":"Done"},{"$id":"1441","sourceActivityId":"3dca07e6-59ef-46a5-a94b-1c7bba6f2bc4","targetActivityId":"5283dbe1-1b70-430d-9ed8-3ef7f04538c4","outcome":"Done"},{"$id":"1442","sourceActivityId":"20a0ace1-9fa8-4495-8456-92ee4831555f","targetActivityId":"269d4038-17db-4a49-921d-080a49f742c2","outcome":"Done"},{"$id":"1443","sourceActivityId":"a2ab7c68-39ec-4d14-b20c-def51b2bd18e","targetActivityId":"6a109af0-a745-4325-ad0e-90ea1e34b59a","outcome":"Done"},{"$id":"1444","sourceActivityId":"5047818c-8bd0-4885-becf-d8518d3fbac9","targetActivityId":"ace168fa-07f4-44d3-982e-40826211d43a","outcome":"Done"},{"$id":"1445","sourceActivityId":"ace168fa-07f4-44d3-982e-40826211d43a","targetActivityId":"cafdb3e5-6530-4ea7-9564-ca533e3230e8","outcome":"False"},{"$id":"1446","sourceActivityId":"557d6776-99c6-4ec2-9ed3-083b08f4e74c","targetActivityId":"d0d5ec0d-5df4-4ba8-9e48-9d335be5e65a","outcome":"False"},{"$id":"1447","sourceActivityId":"d3dde5c1-3645-4484-9370-503444297d84","targetActivityId":"e32386ac-eb37-48f8-84c9-16528fd65210","outcome":"Done"},{"$id":"1448","sourceActivityId":"e32386ac-eb37-48f8-84c9-16528fd65210","targetActivityId":"e32304d6-45c2-422d-a0c5-9369713bbc27","outcome":"Done"},{"$id":"1449","sourceActivityId":"e32304d6-45c2-422d-a0c5-9369713bbc27","targetActivityId":"5047818c-8bd0-4885-becf-d8518d3fbac9","outcome":"False"},{"$id":"1450","sourceActivityId":"e32304d6-45c2-422d-a0c5-9369713bbc27","targetActivityId":"16fd27db-e6fa-4932-b3f8-e5ae88b6cbde","outcome":"True"},{"$id":"1451","sourceActivityId":"16fd27db-e6fa-4932-b3f8-e5ae88b6cbde","targetActivityId":"5047818c-8bd0-4885-becf-d8518d3fbac9","outcome":"Object instance not found"},{"$id":"1452","sourceActivityId":"c049c6b2-c33c-4eda-a6ff-3f9806da5d8a","targetActivityId":"0882d34e-ce3c-4f8e-b203-e817c29f8406","outcome":"Done"},{"$id":"1453","sourceActivityId":"0882d34e-ce3c-4f8e-b203-e817c29f8406","targetActivityId":"5454b85e-1732-4020-b17b-2737f50231e1","outcome":"Done"},{"$id":"1454","sourceActivityId":"5454b85e-1732-4020-b17b-2737f50231e1","targetActivityId":"9bb10656-4057-40dd-a0c5-8c6092f489e4","outcome":"True"},{"$id":"1455","sourceActivityId":"9bb10656-4057-40dd-a0c5-8c6092f489e4","targetActivityId":"26dedde0-dea6-4f46-9a15-d50efa290540","outcome":"Success"},{"$id":"1456","sourceActivityId":"16fd27db-e6fa-4932-b3f8-e5ae88b6cbde","targetActivityId":"eee99e01-3953-4a38-adf0-864d55ff0414","outcome":"Success"},{"$id":"1457","sourceActivityId":"eee99e01-3953-4a38-adf0-864d55ff0414","targetActivityId":"557d6776-99c6-4ec2-9ed3-083b08f4e74c","outcome":"False"},{"$id":"1458","sourceActivityId":"eee99e01-3953-4a38-adf0-864d55ff0414","targetActivityId":"375cb9ea-601e-4b70-bb61-5e6f15744206","outcome":"True"},{"$id":"1459","sourceActivityId":"557d6776-99c6-4ec2-9ed3-083b08f4e74c","targetActivityId":"ace168fa-07f4-44d3-982e-40826211d43a","outcome":"True"},{"$id":"1460","sourceActivityId":"375cb9ea-601e-4b70-bb61-5e6f15744206","targetActivityId":"60c6f045-6014-4aab-92e6-2151e4b8f124","outcome":"True"},{"$id":"1461","sourceActivityId":"375cb9ea-601e-4b70-bb61-5e6f15744206","targetActivityId":"d0d5ec0d-5df4-4ba8-9e48-9d335be5e65a","outcome":"False"},{"$id":"1462","sourceActivityId":"60c6f045-6014-4aab-92e6-2151e4b8f124","targetActivityId":"ace168fa-07f4-44d3-982e-40826211d43a","outcome":"Done"},{"$id":"1463","sourceActivityId":"26dedde0-dea6-4f46-9a15-d50efa290540","targetActivityId":"2b87b815-ecd9-4303-af24-b578fbb5abd1","outcome":"Done"},{"$id":"1464","sourceActivityId":"2b87b815-ecd9-4303-af24-b578fbb5abd1","targetActivityId":"52a6ed9e-292a-41be-a347-321d707566bc","outcome":"True"},{"$id":"1465","sourceActivityId":"2b87b815-ecd9-4303-af24-b578fbb5abd1","targetActivityId":"7bf6a4b3-7462-4be8-99b4-3d3d1fd89cc9","outcome":"False"},{"$id":"1466","sourceActivityId":"d0d5ec0d-5df4-4ba8-9e48-9d335be5e65a","targetActivityId":"269d4038-17db-4a49-921d-080a49f742c2","outcome":"Done"},{"$id":"1467","sourceActivityId":"5454b85e-1732-4020-b17b-2737f50231e1","targetActivityId":"5283dbe1-1b70-430d-9ed8-3ef7f04538c4","outcome":"False"},{"$id":"1468","sourceActivityId":"ace168fa-07f4-44d3-982e-40826211d43a","targetActivityId":"04d3e152-be33-4bc2-9fde-d16af38cc30a","outcome":"True"},{"$id":"1469","sourceActivityId":"04d3e152-be33-4bc2-9fde-d16af38cc30a","targetActivityId":"696208ce-aae3-495e-abdc-1bd990689bd9","outcome":"Done"},{"$id":"1470","sourceActivityId":"696208ce-aae3-495e-abdc-1bd990689bd9","targetActivityId":"a6eccaa3-4fa0-4e51-9bfc-99e72113f36e","outcome":"True"},{"$id":"1471","sourceActivityId":"a6eccaa3-4fa0-4e51-9bfc-99e72113f36e","targetActivityId":"d611e339-4a0b-4bc7-9c38-d7f8a6ac9fc6","outcome":"Success"},{"$id":"1472","sourceActivityId":"696208ce-aae3-495e-abdc-1bd990689bd9","targetActivityId":"1d4e03e4-2dde-48f8-bdef-97aaa6ed366c","outcome":"False"},{"$id":"1473","sourceActivityId":"1d4e03e4-2dde-48f8-bdef-97aaa6ed366c","targetActivityId":"d611e339-4a0b-4bc7-9c38-d7f8a6ac9fc6","outcome":"Done"},{"$id":"1474","sourceActivityId":"d611e339-4a0b-4bc7-9c38-d7f8a6ac9fc6","targetActivityId":"d96c2c05-85e6-474f-b55a-f94fc835b7f2","outcome":"Done"}],"id":"1ff8682117414e39bcf13efc20f56d96"}