{"$id":"1475","definitionId":"2aaf1859ad89488e95ab00fb7b42c0d0","versionId":"a7f1f119c254433f8f2386a044cfcc64","name":"UINewTicket","displayName":"UI - New Ticket","version":1,"variables":{"$id":"1476","data":{}},"customAttributes":{"$id":"1477","data":{}},"isSingleton":false,"persistenceBehavior":"WorkflowBurst","deleteCompletedInstances":false,"isPublished":true,"isLatest":true,"createdAt":"2023-12-05T06:29:36.4291038Z","activities":[{"$id":"1478","activityId":"38c3bd37-d101-44f9-9578-2b8884259f24","type":"WriteHttpResponse","displayName":"HTTP Response","x":460,"y":80,"persistWorkflow":false,"loadWorkflowContext":false,"saveWorkflowContext":false,"properties":[{"$id":"1479","name":"Content","expressions":{"$id":"1480","Literal":"<html class=\"h-full bg-white\">\n    <head>\n        <meta charset=\"UTF-8\">\n        <meta name=\"viewport\" content=\"width=device-width, initial-scale=1.0\">\n        <script src=\"https://cdn.tailwindcss.com?plugins=forms\"></script>\n        <script>\n            tailwind.config = {\n              theme: {\n                extend: {\n                  colors: {\n                    clifford: '#da373d',\n                  }\n                }\n              }\n            }\n          </script>\n    </head>\n    <body class=\"h-full\">\n        <div class=\"flex min-h-full flex-col justify-center px-6 py-12 lg:px-8\">\n         <!--\n  This example requires some changes to your config:\n  \n  ```\n  // tailwind.config.js\n  module.exports = {\n    // ...\n    plugins: [\n      // ...\n      require('@tailwindcss/forms'),\n    ],\n  }\n  ```\n-->\n<form method='post' action=\"/newticket\">\n    <div class=\"space-y-12\">\n        <div class=\"flex min-h-full flex-col justify-center px-6 py-12 lg:px-8\">\n      <div class=\"border-b border-gray-900/10 pb-12\">\n <img  class=\"mx-auto h-40 w-auto \"src=\"https://static.wixstatic.com/media/c4cd72_bdd7ebc227704d4da6df04623647905c~mv2.png\" alt=\"World of Workflows\">\n<br>\n<br>\n<br>\n\n\n        <h2 class=\"text-base font-bold leading-7 text-gray-900\">World of Workflows Support</h2>\n        <p class=\"mt-1 text-sm leading-6 text-gray-600\">Please enter details below to create a support ticket with World of Workflows Support.</p>\n  \n        <div class=\"mt-10 grid grid-cols-1 gap-x-6 gap-y-8 sm:grid-cols-6\">\n          <div class=\"sm:col-span-4\">\n            <label for=\"email\" class=\"block text-sm font-medium leading-6 text-gray-900\">Email address</label>\n            <div class=\"mt-2\">\n              <input id=\"email\" required name=\"email\" type=\"email\" autocomplete=\"email\" required class=\"block w-full rounded-md border-0 py-1.5 text-gray-900 shadow-sm ring-1 ring-inset ring-gray-300 placeholder:text-gray-400 focus:ring-2 focus:ring-inset focus:ring-indigo-600 sm:text-sm sm:leading-6\">\n            </div>\n          </div>\n          <div class=\"sm:col-span-full\">\n            <label for=\"Name\" class=\"block text-sm font-medium leading-6 text-gray-900\">Your Name</label>\n            <div class=\"mt-2\">\n              <input id=\"name\" name=\"name\" type=\"text\"  required class=\"block w-full rounded-md border-0 py-1.5 text-gray-900 shadow-sm ring-1 ring-inset ring-gray-300 placeholder:text-gray-400 focus:ring-2 focus:ring-inset focus:ring-indigo-600 sm:text-sm sm:leading-6\">\n            </div>\n          </div>\n\n          <div class=\"sm:col-span-full\">\n            <label for=\"Title\" class=\"block text-sm font-medium leading-6 text-gray-900\">Subject</label>\n            <div class=\"mt-2\">\n              <input id=\"Title\" name=\"Title\" type=\"text\"  required class=\"block w-full rounded-md border-0 py-1.5 text-gray-900 shadow-sm ring-1 ring-inset ring-gray-300 placeholder:text-gray-400 focus:ring-2 focus:ring-inset focus:ring-indigo-600 sm:text-sm sm:leading-6\">\n            </div>\n          </div>\n  \n          <div class=\"col-span-full\">\n            <label for=\"about\" class=\"block text-sm font-medium leading-6 text-gray-900\">Details</label>\n            <div class=\"mt-2\">\n              <textarea id=\"about\" name=\"about\" rows=\"3\" required class=\"block w-full rounded-md border-0 py-1.5 text-gray-900 shadow-sm ring-1 ring-inset ring-gray-300 placeholder:text-gray-400 focus:ring-2 focus:ring-inset focus:ring-indigo-600 sm:text-sm sm:leading-6\"></textarea>\n            </div>\n            <p class=\"mt-3 text-sm leading-6 text-gray-600\">Describe the issue you are currently having.</p>\n          </div>\n  \n        \n  \n         \n        </div>\n      </div>\n  \n     \n  \n     \n    </div>\n  \n    <div class=\"mt-6 flex items-center justify-end gap-x-6\">\n      <button type=\"button\" class=\"text-sm font-semibold leading-6 text-gray-900\">Cancel</button>\n      <button type=\"submit\" class=\"rounded-md bg-indigo-600 px-3 py-2 text-sm font-semibold text-white shadow-sm hover:bg-indigo-500 focus-visible:outline focus-visible:outline-2 focus-visible:outline-offset-2 focus-visible:outline-indigo-600\">Save</button>\n    </div>\n  </form>\n  </div>\n          </div>\n    </body>\n</html>"}},{"$id":"1481","name":"ContentType","expressions":{"$id":"1482","Literal":"text/html"}},{"$id":"1483","name":"StatusCode","expressions":{"$id":"1484","Literal":"OK"}},{"$id":"1485","name":"CharSet","expressions":{"$id":"1486","Literal":"utf-8"}},{"$id":"1487","name":"ResponseHeaders","expressions":{"$id":"1488"}}],"propertyStorageProviders":{"$id":"1489"}},{"$id":"1490","activityId":"1a33182b-abfd-4253-9155-1b749e81c71d","type":"HttpEndpoint","displayName":"HTTP Endpoint","x":64,"y":64,"persistWorkflow":false,"loadWorkflowContext":false,"saveWorkflowContext":false,"properties":[{"$id":"1491","name":"Path","expressions":{"$id":"1492","Literal":"/new"}},{"$id":"1493","name":"Methods","expressions":{"$id":"1494","Json":"[\"GET\"]"}},{"$id":"1495","name":"ReadContent","expressions":{"$id":"1496"}},{"$id":"1497","name":"TargetType","expressions":{"$id":"1498"}},{"$id":"1499","name":"Schema","syntax":"Literal","expressions":{"$id":"1500","Literal":""}},{"$id":"1501","name":"Authorize","expressions":{"$id":"1502"}},{"$id":"1503","name":"Policy","expressions":{"$id":"1504"}}],"propertyStorageProviders":{"$id":"1505"}}],"connections":[{"$id":"1506","sourceActivityId":"1a33182b-abfd-4253-9155-1b749e81c71d","targetActivityId":"38c3bd37-d101-44f9-9578-2b8884259f24","outcome":"Done"}],"id":"a7f1f119c254433f8f2386a044cfcc64"}