{"$id":"1507","definitionId":"4c1d26ca82e040c59da307f684e29b53","versionId":"0f1964495ab94ec99777d63c7303394c","name":"UIResetPassword","displayName":"UI - ResetPassword","version":1,"variables":{"$id":"1508","data":{}},"customAttributes":{"$id":"1509","data":{}},"isSingleton":false,"persistenceBehavior":"WorkflowBurst","deleteCompletedInstances":false,"isPublished":true,"isLatest":true,"createdAt":"2023-12-05T06:29:36.4565324Z","activities":[{"$id":"1510","activityId":"acbb4fe3-f067-4a4e-a2f4-8d8445b8d926","type":"HttpEndpoint","name":"ResetPassword","displayName":"HTTP Endpoint","x":64,"y":64,"persistWorkflow":false,"loadWorkflowContext":false,"saveWorkflowContext":false,"properties":[{"$id":"1511","name":"Path","expressions":{"$id":"1512","Literal":"/resetpassword"}},{"$id":"1513","name":"Methods","expressions":{"$id":"1514","Json":"[\"GET\"]"}},{"$id":"1515","name":"ReadContent","expressions":{"$id":"1516","Literal":"true"}},{"$id":"1517","name":"TargetType","expressions":{"$id":"1518"}},{"$id":"1519","name":"Schema","syntax":"Literal","expressions":{"$id":"1520","Literal":""}},{"$id":"1521","name":"Authorize","expressions":{"$id":"1522"}},{"$id":"1523","name":"Policy","expressions":{"$id":"1524"}}],"propertyStorageProviders":{"$id":"1525"}},{"$id":"1526","activityId":"1d34c1b4-43ab-468e-978b-083cb42b3625","type":"SetVariable","displayName":"Set Variable","x":480,"y":100,"persistWorkflow":false,"loadWorkflowContext":false,"saveWorkflowContext":false,"properties":[{"$id":"1527","name":"VariableName","expressions":{"$id":"1528","Literal":"Code"}},{"$id":"1529","name":"Value","syntax":"JavaScript","expressions":{"$id":"1530","Literal":"","JavaScript":"activities.ResetPassword.Output().QueryString.code"}}],"propertyStorageProviders":{"$id":"1531"}}],"connections":[{"$id":"1532","sourceActivityId":"acbb4fe3-f067-4a4e-a2f4-8d8445b8d926","targetActivityId":"1d34c1b4-43ab-468e-978b-083cb42b3625","outcome":"Done"}],"id":"0f1964495ab94ec99777d63c7303394c"}