{"$id":"325","definitionId":"a9c61f641d7840daaff84ce014bf45d3","versionId":"4eca4a6bb87941748d4b93314e40e6d9","name":"Attendee Complete Registration","displayName":"Attendee Complete Registration","version":2,"variables":{"$id":"326","data":{}},"customAttributes":{"$id":"327","data":{}},"isSingleton":false,"persistenceBehavior":"WorkflowBurst","deleteCompletedInstances":false,"isPublished":true,"isLatest":true,"createdAt":"2023-12-04T23:15:28.7543915Z","activities":[{"$id":"328","activityId":"426537df-de50-4ae2-8647-c1d79087bdae","type":"HttpEndpoint","name":"IncomingPOST","displayName":"HTTP Endpoint","x":64,"y":64,"persistWorkflow":false,"loadWorkflowContext":false,"saveWorkflowContext":false,"properties":[{"$id":"329","name":"Path","expressions":{"$id":"330","Literal":"/registerAttendee"}},{"$id":"331","name":"Methods","expressions":{"$id":"332","Json":"[\"POST\"]"}},{"$id":"333","name":"ReadContent","expressions":{"$id":"334","Literal":"true"}},{"$id":"335","name":"TargetType","expressions":{"$id":"336"}},{"$id":"337","name":"Schema","syntax":"Literal","expressions":{"$id":"338","Literal":""}},{"$id":"339","name":"Authorize","expressions":{"$id":"340"}},{"$id":"341","name":"Policy","expressions":{"$id":"342"}},{"$id":"343","name":"AuthorizeWithCustomHeader","expressions":{"$id":"344"}},{"$id":"345","name":"CustomHeaderName","expressions":{"$id":"346"}},{"$id":"347","name":"CustomHeaderValue","expressions":{"$id":"348"}}],"propertyStorageProviders":{"$id":"349"}},{"$id":"350","activityId":"8263f1e8-5386-4e08-bf7d-eed8db32414a","type":"SetVariable","displayName":"Set Variable","x":300,"y":220,"persistWorkflow":false,"loadWorkflowContext":false,"saveWorkflowContext":false,"properties":[{"$id":"351","name":"VariableName","expressions":{"$id":"352","Literal":"Registration"}},{"$id":"353","name":"Value","syntax":"JavaScript","expressions":{"$id":"354","JavaScript":"activities.IncomingPOST.Output().Body"}}],"propertyStorageProviders":{"$id":"355"}},{"$id":"356","activityId":"6141d1fe-1850-4fac-b66c-4f1e9a7a0121","type":"ObjectInstanceList","name":"GetSessions","displayName":"List Object Instances","x":600,"y":160,"persistWorkflow":false,"loadWorkflowContext":false,"saveWorkflowContext":false,"properties":[{"$id":"357","name":"ObjectType","syntax":"Literal","expressions":{"$id":"358","Literal":"1"}},{"$id":"359","name":"Filter","syntax":"JavaScript","expressions":{"$id":"360","JavaScript":"var result = \"Title eq '\" + getVariable(\"Registration\").session +\"'\";\r\nreturn result;"}},{"$id":"361","name":"Skip","expressions":{"$id":"362"}},{"$id":"363","name":"Limit","expressions":{"$id":"364"}},{"$id":"365","name":"OrderBy","expressions":{"$id":"366"}}],"propertyStorageProviders":{"$id":"367"}},{"$id":"368","activityId":"94ace7f6-e8b8-4fc4-9a2a-1812cff51a94","type":"SetVariable","displayName":"Set Variable","x":1020,"y":180,"persistWorkflow":false,"loadWorkflowContext":false,"saveWorkflowContext":false,"properties":[{"$id":"369","name":"VariableName","expressions":{"$id":"370","Literal":"Session"}},{"$id":"371","name":"Value","syntax":"JavaScript","expressions":{"$id":"372","JavaScript":"activities.GetSessions.Output()[0]"}}],"propertyStorageProviders":{"$id":"373"}},{"$id":"374","activityId":"5452d0ef-e4f5-4675-b308-bcbdfea97f6f","type":"ObjectInstanceCreate","displayName":"Create Object Instance","x":1240,"y":400,"persistWorkflow":false,"loadWorkflowContext":false,"saveWorkflowContext":false,"properties":[{"$id":"375","name":"ObjectType","syntax":"Literal","expressions":{"$id":"376","Literal":"3"}},{"$id":"377","name":"Values","syntax":"JavaScript","expressions":{"$id":"378","JavaScript":"var attendee = {\r\n    \"Name\": getVariable(\"Registration\").name,\r\n    \"Email\": getVariable(\"Registration\").email,\r\n    \"Phone\": getVariable(\"Registration\").phone,\r\n    \"Event\": getVariable(\"Session\").ObjectId\r\n};\r\nreturn attendee;"}},{"$id":"379","name":"VariableName","expressions":{"$id":"380","Literal":"FullRego"}}],"propertyStorageProviders":{"$id":"381"}},{"$id":"382","activityId":"a607b8f5-6c0b-42bd-96ef-69aa70b3e682","type":"WriteHttpResponse","displayName":"HTTP Response","x":1220,"y":540,"persistWorkflow":false,"loadWorkflowContext":false,"saveWorkflowContext":false,"properties":[{"$id":"383","name":"Content","syntax":"Liquid","expressions":{"$id":"384","Liquid":"<html lang=\"en\">\r\n<head>\r\n\t<meta charset=\"utf-8\" />\r\n\t<meta http-equiv=\"X-UA-Compatible\" content=\"IE=edge,chrome=1\" />\r\n\t<meta name=\"viewport\" content=\"width=device-width, initial-scale=1\">\r\n\t<title></title>\r\n\t<link href='https://fonts.googleapis.com/css?family=Lato:300,400|Montserrat:700' rel='stylesheet' type='text/css'>\r\n\t<style>\r\n\t\t@import url(//cdnjs.cloudflare.com/ajax/libs/normalize/3.0.1/normalize.min.css);\r\n\t\t@import url(//maxcdn.bootstrapcdn.com/font-awesome/4.2.0/css/font-awesome.min.css);\r\n\t</style>\r\n\t<link rel=\"stylesheet\" href=\"https://2-22-4-dot-lead-pages.appspot.com/static/lp918/min/default_thank_you.css\">\r\n\t<script src=\"https://2-22-4-dot-lead-pages.appspot.com/static/lp918/min/jquery-1.9.1.min.js\"></script>\r\n\t<script src=\"https://2-22-4-dot-lead-pages.appspot.com/static/lp918/min/html5shiv.js\"></script>\r\n</head>\r\n<body>\r\n\t<header class=\"site-header\" id=\"header\">\r\n\t\t<h1 class=\"site-header__title\" data-lead-id=\"site-header-title\">THANK YOU!</h1>\r\n\t</header>\r\n\r\n\t<div class=\"main-content\">\r\n\t\t<i class=\"fa fa-check main-content__checkmark\" id=\"checkmark\"></i>\r\n\t\t<p class=\"main-content__body\" data-lead-id=\"main-content-body\">You have successfully registered for the Event on {{Variables.Session.Title}}. A member of the team will reach out with more information closer to the date.</p>\r\n\t</div>\r\n\r\n\t<footer class=\"site-footer\" id=\"footer\">\r\n\t\t<p class=\"site-footer__fineprint\" id=\"fineprint\">Copyright ©2023 World of Workflows Pty Ltd | All Rights Reserved</p>\r\n\t</footer>\r\n</body>\r\n</html>"}},{"$id":"385","name":"ContentType","expressions":{"$id":"386","Literal":"text/html"}},{"$id":"387","name":"StatusCode","expressions":{"$id":"388","Literal":"OK"}},{"$id":"389","name":"CharSet","expressions":{"$id":"390","Literal":"utf-8"}},{"$id":"391","name":"ResponseHeaders","expressions":{"$id":"392"}}],"propertyStorageProviders":{"$id":"393"}}],"connections":[{"$id":"394","sourceActivityId":"426537df-de50-4ae2-8647-c1d79087bdae","targetActivityId":"8263f1e8-5386-4e08-bf7d-eed8db32414a","outcome":"Done"},{"$id":"395","sourceActivityId":"8263f1e8-5386-4e08-bf7d-eed8db32414a","targetActivityId":"6141d1fe-1850-4fac-b66c-4f1e9a7a0121","outcome":"Done"},{"$id":"396","sourceActivityId":"6141d1fe-1850-4fac-b66c-4f1e9a7a0121","targetActivityId":"94ace7f6-e8b8-4fc4-9a2a-1812cff51a94","outcome":"Done"},{"$id":"397","sourceActivityId":"94ace7f6-e8b8-4fc4-9a2a-1812cff51a94","targetActivityId":"5452d0ef-e4f5-4675-b308-bcbdfea97f6f","outcome":"Done"},{"$id":"398","sourceActivityId":"5452d0ef-e4f5-4675-b308-bcbdfea97f6f","targetActivityId":"a607b8f5-6c0b-42bd-96ef-69aa70b3e682","outcome":"Done"}],"id":"4eca4a6bb87941748d4b93314e40e6d9"}