{"$id":"457","definitionId":"013abec984494a2bacd5c565df262dff","versionId":"6454ea3b645c40e8b2974d127c1ae90d","name":"Customer organizer Complete Registration","displayName":"Customer Organizer Complete Registration","version":2,"variables":{"$id":"458","data":{}},"customAttributes":{"$id":"459","data":{}},"isSingleton":false,"persistenceBehavior":"WorkflowBurst","deleteCompletedInstances":false,"isPublished":true,"isLatest":true,"createdAt":"2023-12-04T23:17:06.6596728Z","activities":[{"$id":"460","activityId":"55fbec3d-d850-49ce-8e5c-40a5f0be6a99","type":"HttpEndpoint","name":"HTTPEndpoint","displayName":"HTTP Endpoint","x":120,"y":140,"persistWorkflow":false,"loadWorkflowContext":false,"saveWorkflowContext":false,"properties":[{"$id":"461","name":"Path","expressions":{"$id":"462","Literal":"/registerEventSlot"}},{"$id":"463","name":"Methods","expressions":{"$id":"464","Json":"[\"POST\"]"}},{"$id":"465","name":"ReadContent","expressions":{"$id":"466","Literal":"true"}},{"$id":"467","name":"TargetType","expressions":{"$id":"468"}},{"$id":"469","name":"Schema","syntax":"Literal","expressions":{"$id":"470","Literal":""}},{"$id":"471","name":"Authorize","expressions":{"$id":"472"}},{"$id":"473","name":"Policy","expressions":{"$id":"474"}},{"$id":"475","name":"AuthorizeWithCustomHeader","expressions":{"$id":"476"}},{"$id":"477","name":"CustomHeaderName","expressions":{"$id":"478"}},{"$id":"479","name":"CustomHeaderValue","expressions":{"$id":"480"}}],"propertyStorageProviders":{"$id":"481"}},{"$id":"482","activityId":"f52569a6-9887-4493-80cc-042cfebd7e12","type":"SetVariable","displayName":"Set Variable","x":860,"y":140,"persistWorkflow":false,"loadWorkflowContext":false,"saveWorkflowContext":false,"properties":[{"$id":"483","name":"VariableName","expressions":{"$id":"484","Literal":"Registration"}},{"$id":"485","name":"Value","syntax":"JavaScript","expressions":{"$id":"486","JavaScript":"activities.HTTPEndpoint.Output().Body"}}],"propertyStorageProviders":{"$id":"487"}},{"$id":"488","activityId":"13d7abf1-3a6c-4fec-bc06-0f0df07530e8","type":"ObjectInstanceUpdate","name":"ReserveSession","displayName":"ReserveSession","x":1320,"y":280,"persistWorkflow":false,"loadWorkflowContext":false,"saveWorkflowContext":false,"properties":[{"$id":"489","name":"InstanceId","syntax":"JavaScript","expressions":{"$id":"490","JavaScript":"activities.GetSession.Output()[0].ObjectId"}},{"$id":"491","name":"ClearOmittedFields","expressions":{"$id":"492"}},{"$id":"493","name":"Values","expressions":{"$id":"494","Json":"{\"Available\":\"False\"}"}},{"$id":"495","name":"VariableName","expressions":{"$id":"496","Literal":"ThisSession"}}],"propertyStorageProviders":{"$id":"497"}},{"$id":"498","activityId":"430dc3ec-4469-4f46-a2e4-7200d1bb1047","type":"ObjectInstanceList","name":"GetSession","displayName":"Get Session","x":780,"y":240,"persistWorkflow":false,"loadWorkflowContext":false,"saveWorkflowContext":false,"properties":[{"$id":"499","name":"ObjectType","syntax":"Literal","expressions":{"$id":"500","Literal":"1"}},{"$id":"501","name":"Filter","syntax":"JavaScript","expressions":{"$id":"502","JavaScript":"var result = \"Title eq '\" + getVariable(\"Registration\").session +\"'\";\r\nreturn result;"}},{"$id":"503","name":"Skip","expressions":{"$id":"504"}},{"$id":"505","name":"Limit","expressions":{"$id":"506"}},{"$id":"507","name":"OrderBy","expressions":{"$id":"508"}}],"propertyStorageProviders":{"$id":"509"}},{"$id":"510","activityId":"fbdf30df-2188-4751-8f6b-43b6f5ca3e20","type":"SetVariable","displayName":"Set Variable","x":700,"y":340,"persistWorkflow":false,"loadWorkflowContext":false,"saveWorkflowContext":false,"properties":[{"$id":"511","name":"VariableName","expressions":{"$id":"512","Literal":"Session"}},{"$id":"513","name":"Value","syntax":"JavaScript","expressions":{"$id":"514","JavaScript":"activities.GetSession.Output()[0]"}}],"propertyStorageProviders":{"$id":"515"}},{"$id":"516","activityId":"2e85f354-618f-4a71-ab03-445e49a82d2c","type":"WriteHttpResponse","displayName":"HTTP Response","x":760,"y":460,"persistWorkflow":false,"loadWorkflowContext":false,"saveWorkflowContext":false,"properties":[{"$id":"517","name":"Content","syntax":"Liquid","expressions":{"$id":"518","Literal":"","Liquid":"<html lang=\"en\">\n<head>\n\t<meta charset=\"utf-8\" />\n\t<meta http-equiv=\"X-UA-Compatible\" content=\"IE=edge,chrome=1\" />\n\t<meta name=\"viewport\" content=\"width=device-width, initial-scale=1\">\n\t<title>Event Creation Complete!</title>\n\t<link href='https://fonts.googleapis.com/css?family=Lato:300,400|Montserrat:700' rel='stylesheet' type='text/css'>\n\t<style>\n\t\t@import url(//cdnjs.cloudflare.com/ajax/libs/normalize/3.0.1/normalize.min.css);\n\t\t@import url(//maxcdn.bootstrapcdn.com/font-awesome/4.2.0/css/font-awesome.min.css);\n\t</style>\n\t<link rel=\"stylesheet\" href=\"https://2-22-4-dot-lead-pages.appspot.com/static/lp918/min/default_thank_you.css\">\n\t<script src=\"https://2-22-4-dot-lead-pages.appspot.com/static/lp918/min/jquery-1.9.1.min.js\"></script>\n\t<script src=\"https://2-22-4-dot-lead-pages.appspot.com/static/lp918/min/html5shiv.js\"></script>\n</head>\n<body>\n\t<header class=\"site-header\" id=\"header\">\n\t\t<h1 class=\"site-header__title\" data-lead-id=\"site-header-title\">THANK YOU!</h1>\n\t</header>\n\n\t<div class=\"main-content\">\n\t\t<i class=\"fa fa-check main-content__checkmark\" id=\"checkmark\"></i>\n\t\t<p class=\"main-content__body\" data-lead-id=\"main-content-body\">Thanks for registering for an event on {{Variables.Registration.session}}. Our team will review your registration and reach out to you at {{Variables.Registration.email}}. We can't wait to have {{Variables.Registration.company}} representatives join us.</p>\n\t\t<p class=\"main-content__body\">You can now send attendees to the following link to register attendance: <a href=\"/AttendeeRegistration?Session={{Variables.Session.ObjectId}}\">/AttendeeRegistration?Session={{Variables.Session.ObjectId}}</a></p>\n\t</div>\n\n\t<footer class=\"site-footer\" id=\"footer\">\n\t\t<p class=\"site-footer__fineprint\" id=\"fineprint\">Copyright ©2022 World of Workflows Pty Ltd | All Rights Reserved</p>\n\t</footer>\n</body>\n</html>"}},{"$id":"519","name":"ContentType","expressions":{"$id":"520","Literal":"text/html"}},{"$id":"521","name":"StatusCode","expressions":{"$id":"522","Literal":"OK"}},{"$id":"523","name":"CharSet","expressions":{"$id":"524","Literal":"utf-8"}},{"$id":"525","name":"ResponseHeaders","expressions":{"$id":"526"}}],"propertyStorageProviders":{"$id":"527"}},{"$id":"528","activityId":"cbef00c0-a58b-4195-9966-cef2fb1296a1","type":"ObjectInstanceCreate","displayName":"Create Object Instance","x":1380,"y":400,"persistWorkflow":false,"loadWorkflowContext":false,"saveWorkflowContext":false,"properties":[{"$id":"529","name":"ObjectType","syntax":"Literal","expressions":{"$id":"530","Literal":"2"}},{"$id":"531","name":"Values","syntax":"JavaScript","expressions":{"$id":"532","JavaScript":"var result = {\r\n    \"CompanyName\": getVariable(\"Registration\").company,\r\n    \"ParticipantName\": getVariable(\"Registration\").name,\r\n    \"ParticipantPhone\": getVariable(\"Registration\").phone,\r\n    \"ParticipantEmail\": getVariable(\"Registration\").email,\r\n    \"Event\": activities.GetSession.Output()[0].ObjectId,\r\n    \"Other\": getVariable(\"Registration\").other\r\n};\r\nreturn result;"}},{"$id":"533","name":"VariableName","expressions":{"$id":"534","Literal":"NewParticipant"}}],"propertyStorageProviders":{"$id":"535"}}],"connections":[{"$id":"536","sourceActivityId":"13d7abf1-3a6c-4fec-bc06-0f0df07530e8","targetActivityId":"cbef00c0-a58b-4195-9966-cef2fb1296a1","outcome":"Done"},{"$id":"537","sourceActivityId":"55fbec3d-d850-49ce-8e5c-40a5f0be6a99","targetActivityId":"f52569a6-9887-4493-80cc-042cfebd7e12","outcome":"Done"},{"$id":"538","sourceActivityId":"f52569a6-9887-4493-80cc-042cfebd7e12","targetActivityId":"430dc3ec-4469-4f46-a2e4-7200d1bb1047","outcome":"Done"},{"$id":"539","sourceActivityId":"2e85f354-618f-4a71-ab03-445e49a82d2c","targetActivityId":"13d7abf1-3a6c-4fec-bc06-0f0df07530e8","outcome":"Done"},{"$id":"540","sourceActivityId":"430dc3ec-4469-4f46-a2e4-7200d1bb1047","targetActivityId":"fbdf30df-2188-4751-8f6b-43b6f5ca3e20","outcome":"Done"},{"$id":"541","sourceActivityId":"fbdf30df-2188-4751-8f6b-43b6f5ca3e20","targetActivityId":"2e85f354-618f-4a71-ab03-445e49a82d2c","outcome":"Done"}],"id":"6454ea3b645c40e8b2974d127c1ae90d"}