{"$id":"1","definitionId":"3fdd5ada89de4389a7a2230c2a2e8f48","versionId":"1427377ebbab40138691e0c1e28a0a02","displayName":"Registration System-VIEWS","description":"SETUPVIEWS_Registration System","version":1,"variables":{"$id":"2","data":{}},"customAttributes":{"$id":"3","data":{}},"isSingleton":false,"persistenceBehavior":"WorkflowBurst","deleteCompletedInstances":false,"isPublished":true,"isLatest":true,"createdAt":"2023-12-04T23:21:13.5315276Z","activities":[{"$id":"4","activityId":"CreateView_Events","type":"SolutionsViewsAdd","name":"CreateView_Events","displayName":"CreateView_Events","description":"CreateView_Events","x":128,"y":2176,"persistWorkflow":false,"loadWorkflowContext":false,"saveWorkflowContext":false,"properties":[{"$id":"5","name":"ViewName","syntax":"Literal","expressions":{"$id":"6","Literal":"Events"}},{"$id":"7","name":"ObjectType","syntax":"JavaScript","expressions":{"$id":"8","JavaScript":"return \"Event\";"}},{"$id":"9","name":"ViewDescription","syntax":"Literal","expressions":{"$id":"10","Literal":"All Events"}},{"$id":"11","name":"Query","syntax":"Literal","expressions":{"$id":"12","Literal":""}},{"$id":"13","name":"Orderings","syntax":"JavaScript","expressions":{"$id":"14","JavaScript":"[]"}},{"$id":"15","name":"Projection","syntax":"JavaScript","expressions":{"$id":"16","JavaScript":"[]"}}],"propertyStorageProviders":{"$id":"17"}},{"$id":"18","activityId":"CreateView_Available Events","type":"SolutionsViewsAdd","name":"CreateView_Available Events","displayName":"CreateView_Available Events","description":"CreateView_Available Events","x":256,"y":2304,"persistWorkflow":false,"loadWorkflowContext":false,"saveWorkflowContext":false,"properties":[{"$id":"19","name":"ViewName","syntax":"Literal","expressions":{"$id":"20","Literal":"Available Events"}},{"$id":"21","name":"ObjectType","syntax":"JavaScript","expressions":{"$id":"22","JavaScript":"return \"Event\";"}},{"$id":"23","name":"ViewDescription","syntax":"Literal","expressions":{"$id":"24","Literal":"All Available Events"}},{"$id":"25","name":"Query","syntax":"Literal","expressions":{"$id":"26","Literal":""}},{"$id":"27","name":"Orderings","syntax":"JavaScript","expressions":{"$id":"28","JavaScript":"[]"}},{"$id":"29","name":"Filter","syntax":"Literal","expressions":{"$id":"30","Literal":"Available"}},{"$id":"31","name":"Projection","syntax":"JavaScript","expressions":{"$id":"32","JavaScript":"[]"}}],"propertyStorageProviders":{"$id":"33"}},{"$id":"34","activityId":"CreateView_Unavailable Events","type":"SolutionsViewsAdd","name":"CreateView_Unavailable Events","displayName":"CreateView_Unavailable Events","description":"CreateView_Unavailable Events","x":384,"y":2432,"persistWorkflow":false,"loadWorkflowContext":false,"saveWorkflowContext":false,"properties":[{"$id":"35","name":"ViewName","syntax":"Literal","expressions":{"$id":"36","Literal":"Unavailable Events"}},{"$id":"37","name":"ObjectType","syntax":"JavaScript","expressions":{"$id":"38","JavaScript":"return \"Event\";"}},{"$id":"39","name":"ViewDescription","syntax":"Literal","expressions":{"$id":"40","Literal":"Unavailable Events"}},{"$id":"41","name":"Query","syntax":"Literal","expressions":{"$id":"42","Literal":""}},{"$id":"43","name":"Orderings","syntax":"JavaScript","expressions":{"$id":"44","JavaScript":"[]"}},{"$id":"45","name":"Filter","syntax":"Literal","expressions":{"$id":"46","Literal":"Available ne 'true'"}},{"$id":"47","name":"Projection","syntax":"JavaScript","expressions":{"$id":"48","JavaScript":"[]"}}],"propertyStorageProviders":{"$id":"49"}},{"$id":"50","activityId":"CreateView_Event Registration","type":"SolutionsViewsAdd","name":"CreateView_Event Registration","displayName":"CreateView_Event Registration","description":"CreateView_Event Registration","x":512,"y":2560,"persistWorkflow":false,"loadWorkflowContext":false,"saveWorkflowContext":false,"properties":[{"$id":"51","name":"ViewName","syntax":"Literal","expressions":{"$id":"52","Literal":"Event Registration"}},{"$id":"53","name":"ObjectType","syntax":"JavaScript","expressions":{"$id":"54","JavaScript":"return \"ConfirmedEvent\";"}},{"$id":"55","name":"ViewDescription","syntax":"Literal","expressions":{"$id":"56","Literal":"Event Registrations"}},{"$id":"57","name":"Query","syntax":"Literal","expressions":{"$id":"58","Literal":""}},{"$id":"59","name":"Orderings","syntax":"JavaScript","expressions":{"$id":"60","JavaScript":"[]"}},{"$id":"61","name":"Projection","syntax":"JavaScript","expressions":{"$id":"62","JavaScript":"[]"}}],"propertyStorageProviders":{"$id":"63"}},{"$id":"64","activityId":"CreateView_Attendees","type":"SolutionsViewsAdd","name":"CreateView_Attendees","displayName":"CreateView_Attendees","description":"CreateView_Attendees","x":640,"y":2688,"persistWorkflow":false,"loadWorkflowContext":false,"saveWorkflowContext":false,"properties":[{"$id":"65","name":"ViewName","syntax":"Literal","expressions":{"$id":"66","Literal":"Attendees"}},{"$id":"67","name":"ObjectType","syntax":"JavaScript","expressions":{"$id":"68","JavaScript":"return \"Attendee\";"}},{"$id":"69","name":"ViewDescription","syntax":"Literal","expressions":{"$id":"70","Literal":"All Attendees"}},{"$id":"71","name":"Query","syntax":"Literal","expressions":{"$id":"72","Literal":""}},{"$id":"73","name":"Orderings","syntax":"JavaScript","expressions":{"$id":"74","JavaScript":"[]"}},{"$id":"75","name":"Projection","syntax":"JavaScript","expressions":{"$id":"76","JavaScript":"[]"}}],"propertyStorageProviders":{"$id":"77"}},{"$id":"78","activityId":"fd9168f0-5ade-4aa2-96b2-becae3f1c0c7","type":"ObjectInstanceCreate","displayName":"Create Object Instance","x":980,"y":2820,"persistWorkflow":false,"loadWorkflowContext":false,"saveWorkflowContext":false,"properties":[{"$id":"79","name":"ObjectType","syntax":"Literal","expressions":{"$id":"80","Literal":"1"}},{"$id":"81","name":"Values","syntax":"JavaScript","expressions":{"$id":"82","Json":"{\"Title\":\"1 Dec 20023\"}","JavaScript":"var result  = {\r\n    \"Title\": \"1 Dec 2023\",\r\n    \"Available\": true\r\n    };\r\nreturn result;"}},{"$id":"83","name":"VariableName","expressions":{"$id":"84","Literal":"InitialEvent"}}],"propertyStorageProviders":{"$id":"85"}}],"connections":[{"$id":"86","sourceActivityId":"CreateView_Events","targetActivityId":"CreateView_Available Events","outcome":"Faulted"},{"$id":"87","sourceActivityId":"CreateView_Events","targetActivityId":"CreateView_Available Events","outcome":"Success"},{"$id":"88","sourceActivityId":"CreateView_Available Events","targetActivityId":"CreateView_Unavailable Events","outcome":"Faulted"},{"$id":"89","sourceActivityId":"CreateView_Available Events","targetActivityId":"CreateView_Unavailable Events","outcome":"Success"},{"$id":"90","sourceActivityId":"CreateView_Unavailable Events","targetActivityId":"CreateView_Event Registration","outcome":"Faulted"},{"$id":"91","sourceActivityId":"CreateView_Unavailable Events","targetActivityId":"CreateView_Event Registration","outcome":"Success"},{"$id":"92","sourceActivityId":"CreateView_Event Registration","targetActivityId":"CreateView_Attendees","outcome":"Faulted"},{"$id":"93","sourceActivityId":"CreateView_Event Registration","targetActivityId":"CreateView_Attendees","outcome":"Success"},{"$id":"94","sourceActivityId":"CreateView_Attendees","targetActivityId":"fd9168f0-5ade-4aa2-96b2-becae3f1c0c7","outcome":"Success"},{"$id":"95","sourceActivityId":"CreateView_Attendees","targetActivityId":"fd9168f0-5ade-4aa2-96b2-becae3f1c0c7","outcome":"Faulted"}],"id":"1427377ebbab40138691e0c1e28a0a02"}