{"$id":"1","definitionId":"SETUPTYPES_eaa48ec7-0be3-491b-865b-555d01653110","versionId":"1","displayName":"Registration System-TYPES","description":"SETUPTYPES_Registration System","version":0,"variables":{"$id":"2","data":{}},"customAttributes":{"$id":"3","data":{}},"isSingleton":false,"persistenceBehavior":"WorkflowBurst","deleteCompletedInstances":false,"isPublished":false,"isLatest":false,"createdAt":"1970-01-01T00:00:00Z","activities":[{"$id":"4","activityId":"CreateType_Event","type":"TypeCreate","name":"CreateType_Event","displayName":"CreateType_Event","description":"CreateType_Event","x":64,"y":128,"persistWorkflow":false,"loadWorkflowContext":false,"saveWorkflowContext":false,"properties":[{"$id":"5","name":"TypeName","syntax":"Literal","expressions":{"$id":"6","Literal":"Event"}},{"$id":"7","name":"TypeDescription","syntax":"Literal","expressions":{"$id":"8","Literal":"An Event People can attend"}}],"propertyStorageProviders":{"$id":"9"}},{"$id":"10","activityId":"CreateType_ConfirmedEvent","type":"TypeCreate","name":"CreateType_ConfirmedEvent","displayName":"CreateType_ConfirmedEvent","description":"CreateType_ConfirmedEvent","x":64,"y":256,"persistWorkflow":false,"loadWorkflowContext":false,"saveWorkflowContext":false,"properties":[{"$id":"11","name":"TypeName","syntax":"Literal","expressions":{"$id":"12","Literal":"ConfirmedEvent"}},{"$id":"13","name":"TypeDescription","syntax":"Literal","expressions":{"$id":"14","Literal":"A Confirmed Event"}}],"propertyStorageProviders":{"$id":"15"}},{"$id":"16","activityId":"CreateType_Attendee","type":"TypeCreate","name":"CreateType_Attendee","displayName":"CreateType_Attendee","description":"CreateType_Attendee","x":64,"y":384,"persistWorkflow":false,"loadWorkflowContext":false,"saveWorkflowContext":false,"properties":[{"$id":"17","name":"TypeName","syntax":"Literal","expressions":{"$id":"18","Literal":"Attendee"}},{"$id":"19","name":"TypeDescription","syntax":"Literal","expressions":{"$id":"20","Literal":"An Attendee at an event"}}],"propertyStorageProviders":{"$id":"21"}},{"$id":"22","activityId":"CreateCol_Event_Available","type":"TypeAddColumn","name":"CreateCol_Event_Available","displayName":"CreateCol_Event_Available","x":128,"y":640,"persistWorkflow":false,"loadWorkflowContext":false,"saveWorkflowContext":false,"properties":[{"$id":"23","name":"ObjectType","syntax":"JavaScript","expressions":{"$id":"24","JavaScript":"return \"Event\";"}},{"$id":"25","name":"ColumnName","syntax":"Literal","expressions":{"$id":"26","Literal":"Available"}},{"$id":"27","name":"ColumnDisplayName","syntax":"Literal","expressions":{"$id":"28","Literal":"Available"}},{"$id":"29","name":"ColumnDescription","syntax":"Literal","expressions":{"$id":"30","Literal":"Whether the Event is availble"}},{"$id":"31","name":"ColumnTypeId","syntax":"Literal","expressions":{"$id":"32","Literal":"5"}},{"$id":"33","name":"DisplayOrder","syntax":"Literal","expressions":{"$id":"34","Literal":"2"}},{"$id":"35","name":"Visible","syntax":"Literal","expressions":{"$id":"36","Literal":"True"}},{"$id":"37","name":"Indexed","syntax":"Literal","expressions":{"$id":"38","Literal":"False"}}],"propertyStorageProviders":{"$id":"39"}},{"$id":"40","activityId":"CreateCol_ConfirmedEvent_CompanyName","type":"TypeAddColumn","name":"CreateCol_ConfirmedEvent_CompanyName","displayName":"CreateCol_ConfirmedEvent_CompanyName","x":128,"y":768,"persistWorkflow":false,"loadWorkflowContext":false,"saveWorkflowContext":false,"properties":[{"$id":"41","name":"ObjectType","syntax":"JavaScript","expressions":{"$id":"42","JavaScript":"return \"ConfirmedEvent\";"}},{"$id":"43","name":"ColumnName","syntax":"Literal","expressions":{"$id":"44","Literal":"CompanyName"}},{"$id":"45","name":"ColumnDisplayName","syntax":"Literal","expressions":{"$id":"46","Literal":"CompanyName"}},{"$id":"47","name":"ColumnTypeId","syntax":"Literal","expressions":{"$id":"48","Literal":"6"}},{"$id":"49","name":"DisplayOrder","syntax":"Literal","expressions":{"$id":"50","Literal":"2"}},{"$id":"51","name":"Visible","syntax":"Literal","expressions":{"$id":"52","Literal":"True"}},{"$id":"53","name":"Indexed","syntax":"Literal","expressions":{"$id":"54","Literal":"False"}}],"propertyStorageProviders":{"$id":"55"}},{"$id":"56","activityId":"CreateCol_ConfirmedEvent_ParticipantName","type":"TypeAddColumn","name":"CreateCol_ConfirmedEvent_ParticipantName","displayName":"CreateCol_ConfirmedEvent_ParticipantName","x":256,"y":896,"persistWorkflow":false,"loadWorkflowContext":false,"saveWorkflowContext":false,"properties":[{"$id":"57","name":"ObjectType","syntax":"JavaScript","expressions":{"$id":"58","JavaScript":"return \"ConfirmedEvent\";"}},{"$id":"59","name":"ColumnName","syntax":"Literal","expressions":{"$id":"60","Literal":"ParticipantName"}},{"$id":"61","name":"ColumnDisplayName","syntax":"Literal","expressions":{"$id":"62","Literal":"ParticipantName"}},{"$id":"63","name":"ColumnTypeId","syntax":"Literal","expressions":{"$id":"64","Literal":"6"}},{"$id":"65","name":"DisplayOrder","syntax":"Literal","expressions":{"$id":"66","Literal":"2"}},{"$id":"67","name":"Visible","syntax":"Literal","expressions":{"$id":"68","Literal":"True"}},{"$id":"69","name":"Indexed","syntax":"Literal","expressions":{"$id":"70","Literal":"False"}}],"propertyStorageProviders":{"$id":"71"}},{"$id":"72","activityId":"CreateCol_ConfirmedEvent_ParticipantPhone","type":"TypeAddColumn","name":"CreateCol_ConfirmedEvent_ParticipantPhone","displayName":"CreateCol_ConfirmedEvent_ParticipantPhone","x":384,"y":1024,"persistWorkflow":false,"loadWorkflowContext":false,"saveWorkflowContext":false,"properties":[{"$id":"73","name":"ObjectType","syntax":"JavaScript","expressions":{"$id":"74","JavaScript":"return \"ConfirmedEvent\";"}},{"$id":"75","name":"ColumnName","syntax":"Literal","expressions":{"$id":"76","Literal":"ParticipantPhone"}},{"$id":"77","name":"ColumnDisplayName","syntax":"Literal","expressions":{"$id":"78","Literal":"ParticipantPhone"}},{"$id":"79","name":"ColumnTypeId","syntax":"Literal","expressions":{"$id":"80","Literal":"6"}},{"$id":"81","name":"DisplayOrder","syntax":"Literal","expressions":{"$id":"82","Literal":"2"}},{"$id":"83","name":"Visible","syntax":"Literal","expressions":{"$id":"84","Literal":"True"}},{"$id":"85","name":"Indexed","syntax":"Literal","expressions":{"$id":"86","Literal":"False"}}],"propertyStorageProviders":{"$id":"87"}},{"$id":"88","activityId":"CreateCol_ConfirmedEvent_ParticipantEmail","type":"TypeAddColumn","name":"CreateCol_ConfirmedEvent_ParticipantEmail","displayName":"CreateCol_ConfirmedEvent_ParticipantEmail","x":512,"y":1152,"persistWorkflow":false,"loadWorkflowContext":false,"saveWorkflowContext":false,"properties":[{"$id":"89","name":"ObjectType","syntax":"JavaScript","expressions":{"$id":"90","JavaScript":"return \"ConfirmedEvent\";"}},{"$id":"91","name":"ColumnName","syntax":"Literal","expressions":{"$id":"92","Literal":"ParticipantEmail"}},{"$id":"93","name":"ColumnDisplayName","syntax":"Literal","expressions":{"$id":"94","Literal":"ParticipantEmail"}},{"$id":"95","name":"ColumnTypeId","syntax":"Literal","expressions":{"$id":"96","Literal":"6"}},{"$id":"97","name":"DisplayOrder","syntax":"Literal","expressions":{"$id":"98","Literal":"2"}},{"$id":"99","name":"Visible","syntax":"Literal","expressions":{"$id":"100","Literal":"True"}},{"$id":"101","name":"Indexed","syntax":"Literal","expressions":{"$id":"102","Literal":"False"}}],"propertyStorageProviders":{"$id":"103"}},{"$id":"104","activityId":"CreateCol_ConfirmedEvent_Other","type":"TypeAddColumn","name":"CreateCol_ConfirmedEvent_Other","displayName":"CreateCol_ConfirmedEvent_Other","x":640,"y":1280,"persistWorkflow":false,"loadWorkflowContext":false,"saveWorkflowContext":false,"properties":[{"$id":"105","name":"ObjectType","syntax":"JavaScript","expressions":{"$id":"106","JavaScript":"return \"ConfirmedEvent\";"}},{"$id":"107","name":"ColumnName","syntax":"Literal","expressions":{"$id":"108","Literal":"Other"}},{"$id":"109","name":"ColumnDisplayName","syntax":"Literal","expressions":{"$id":"110","Literal":"Other"}},{"$id":"111","name":"ColumnTypeId","syntax":"Literal","expressions":{"$id":"112","Literal":"6"}},{"$id":"113","name":"DisplayOrder","syntax":"Literal","expressions":{"$id":"114","Literal":"2"}},{"$id":"115","name":"Visible","syntax":"Literal","expressions":{"$id":"116","Literal":"True"}},{"$id":"117","name":"Indexed","syntax":"Literal","expressions":{"$id":"118","Literal":"False"}}],"propertyStorageProviders":{"$id":"119"}},{"$id":"120","activityId":"CreateCol_ConfirmedEvent_Event","type":"TypeAddColumn","name":"CreateCol_ConfirmedEvent_Event","displayName":"CreateCol_ConfirmedEvent_Event","x":768,"y":1408,"persistWorkflow":false,"loadWorkflowContext":false,"saveWorkflowContext":false,"properties":[{"$id":"121","name":"ObjectType","syntax":"JavaScript","expressions":{"$id":"122","JavaScript":"return \"ConfirmedEvent\";"}},{"$id":"123","name":"ColumnName","syntax":"Literal","expressions":{"$id":"124","Literal":"Event"}},{"$id":"125","name":"ColumnDisplayName","syntax":"Literal","expressions":{"$id":"126","Literal":"Event"}},{"$id":"127","name":"ColumnDescription","syntax":"Literal","expressions":{"$id":"128","Literal":"Event"}},{"$id":"129","name":"ColumnTypeId","syntax":"Literal","expressions":{"$id":"130","Literal":"1"}},{"$id":"131","name":"PrincipalType","syntax":"Literal","expressions":{"$id":"132","Literal":"Event"}},{"$id":"133","name":"DisplayOrder","syntax":"Literal","expressions":{"$id":"134","Literal":"3"}},{"$id":"135","name":"Visible","syntax":"Literal","expressions":{"$id":"136","Literal":"True"}},{"$id":"137","name":"Indexed","syntax":"Literal","expressions":{"$id":"138","Literal":"False"}}],"propertyStorageProviders":{"$id":"139"}},{"$id":"140","activityId":"CreateCol_Attendee_Name","type":"TypeAddColumn","name":"CreateCol_Attendee_Name","displayName":"CreateCol_Attendee_Name","x":128,"y":1536,"persistWorkflow":false,"loadWorkflowContext":false,"saveWorkflowContext":false,"properties":[{"$id":"141","name":"ObjectType","syntax":"JavaScript","expressions":{"$id":"142","JavaScript":"return \"Attendee\";"}},{"$id":"143","name":"ColumnName","syntax":"Literal","expressions":{"$id":"144","Literal":"Name"}},{"$id":"145","name":"ColumnDisplayName","syntax":"Literal","expressions":{"$id":"146","Literal":"Name"}},{"$id":"147","name":"ColumnDescription","syntax":"Literal","expressions":{"$id":"148","Literal":"Name of the Attendee"}},{"$id":"149","name":"ColumnTypeId","syntax":"Literal","expressions":{"$id":"150","Literal":"6"}},{"$id":"151","name":"DisplayOrder","syntax":"Literal","expressions":{"$id":"152","Literal":"1"}},{"$id":"153","name":"Visible","syntax":"Literal","expressions":{"$id":"154","Literal":"True"}},{"$id":"155","name":"Indexed","syntax":"Literal","expressions":{"$id":"156","Literal":"False"}}],"propertyStorageProviders":{"$id":"157"}},{"$id":"158","activityId":"CreateCol_Attendee_Email","type":"TypeAddColumn","name":"CreateCol_Attendee_Email","displayName":"CreateCol_Attendee_Email","x":256,"y":1664,"persistWorkflow":false,"loadWorkflowContext":false,"saveWorkflowContext":false,"properties":[{"$id":"159","name":"ObjectType","syntax":"JavaScript","expressions":{"$id":"160","JavaScript":"return \"Attendee\";"}},{"$id":"161","name":"ColumnName","syntax":"Literal","expressions":{"$id":"162","Literal":"Email"}},{"$id":"163","name":"ColumnDisplayName","syntax":"Literal","expressions":{"$id":"164","Literal":"Email"}},{"$id":"165","name":"ColumnDescription","syntax":"Literal","expressions":{"$id":"166","Literal":"Email"}},{"$id":"167","name":"ColumnTypeId","syntax":"Literal","expressions":{"$id":"168","Literal":"6"}},{"$id":"169","name":"DisplayOrder","syntax":"Literal","expressions":{"$id":"170","Literal":"2"}},{"$id":"171","name":"Visible","syntax":"Literal","expressions":{"$id":"172","Literal":"True"}},{"$id":"173","name":"Indexed","syntax":"Literal","expressions":{"$id":"174","Literal":"False"}}],"propertyStorageProviders":{"$id":"175"}},{"$id":"176","activityId":"CreateCol_Attendee_Phone","type":"TypeAddColumn","name":"CreateCol_Attendee_Phone","displayName":"CreateCol_Attendee_Phone","x":384,"y":1792,"persistWorkflow":false,"loadWorkflowContext":false,"saveWorkflowContext":false,"properties":[{"$id":"177","name":"ObjectType","syntax":"JavaScript","expressions":{"$id":"178","JavaScript":"return \"Attendee\";"}},{"$id":"179","name":"ColumnName","syntax":"Literal","expressions":{"$id":"180","Literal":"Phone"}},{"$id":"181","name":"ColumnDisplayName","syntax":"Literal","expressions":{"$id":"182","Literal":"Phone"}},{"$id":"183","name":"ColumnDescription","syntax":"Literal","expressions":{"$id":"184","Literal":"Phone"}},{"$id":"185","name":"ColumnTypeId","syntax":"Literal","expressions":{"$id":"186","Literal":"6"}},{"$id":"187","name":"DisplayOrder","syntax":"Literal","expressions":{"$id":"188","Literal":"3"}},{"$id":"189","name":"Visible","syntax":"Literal","expressions":{"$id":"190","Literal":"True"}},{"$id":"191","name":"Indexed","syntax":"Literal","expressions":{"$id":"192","Literal":"False"}}],"propertyStorageProviders":{"$id":"193"}},{"$id":"194","activityId":"CreateCol_Attendee_Event","type":"TypeAddColumn","name":"CreateCol_Attendee_Event","displayName":"CreateCol_Attendee_Event","x":512,"y":1920,"persistWorkflow":false,"loadWorkflowContext":false,"saveWorkflowContext":false,"properties":[{"$id":"195","name":"ObjectType","syntax":"JavaScript","expressions":{"$id":"196","JavaScript":"return \"Attendee\";"}},{"$id":"197","name":"ColumnName","syntax":"Literal","expressions":{"$id":"198","Literal":"Event"}},{"$id":"199","name":"ColumnDisplayName","syntax":"Literal","expressions":{"$id":"200","Literal":"Event"}},{"$id":"201","name":"ColumnDescription","syntax":"Literal","expressions":{"$id":"202","Literal":"Event"}},{"$id":"203","name":"ColumnTypeId","syntax":"Literal","expressions":{"$id":"204","Literal":"1"}},{"$id":"205","name":"PrincipalType","syntax":"Literal","expressions":{"$id":"206","Literal":"Event"}},{"$id":"207","name":"DisplayOrder","syntax":"Literal","expressions":{"$id":"208","Literal":"4"}},{"$id":"209","name":"Visible","syntax":"Literal","expressions":{"$id":"210","Literal":"True"}},{"$id":"211","name":"Indexed","syntax":"Literal","expressions":{"$id":"212","Literal":"False"}}],"propertyStorageProviders":{"$id":"213"}}],"connections":[{"$id":"214","sourceActivityId":"CreateType_Event","targetActivityId":"CreateType_ConfirmedEvent","outcome":"Faulted"},{"$id":"215","sourceActivityId":"CreateType_Event","targetActivityId":"CreateType_ConfirmedEvent","outcome":"Success"},{"$id":"216","sourceActivityId":"CreateType_ConfirmedEvent","targetActivityId":"CreateType_Attendee","outcome":"Faulted"},{"$id":"217","sourceActivityId":"CreateType_ConfirmedEvent","targetActivityId":"CreateType_Attendee","outcome":"Success"},{"$id":"218","sourceActivityId":"CreateType_Attendee","targetActivityId":"CreateCol_Event_Available","outcome":"Success"},{"$id":"219","sourceActivityId":"CreateType_Attendee","targetActivityId":"CreateCol_Event_Available","outcome":"Failed"},{"$id":"220","sourceActivityId":"CreateCol_Event_Available","targetActivityId":"CreateCol_ConfirmedEvent_CompanyName","outcome":"Success"},{"$id":"221","sourceActivityId":"CreateCol_Event_Available","targetActivityId":"CreateCol_ConfirmedEvent_CompanyName","outcome":"Failed"},{"$id":"222","sourceActivityId":"CreateCol_ConfirmedEvent_CompanyName","targetActivityId":"CreateCol_ConfirmedEvent_ParticipantName","outcome":"Success"},{"$id":"223","sourceActivityId":"CreateCol_ConfirmedEvent_CompanyName","targetActivityId":"CreateCol_ConfirmedEvent_ParticipantName","outcome":"Failed"},{"$id":"224","sourceActivityId":"CreateCol_ConfirmedEvent_ParticipantName","targetActivityId":"CreateCol_ConfirmedEvent_ParticipantPhone","outcome":"Success"},{"$id":"225","sourceActivityId":"CreateCol_ConfirmedEvent_ParticipantName","targetActivityId":"CreateCol_ConfirmedEvent_ParticipantPhone","outcome":"Failed"},{"$id":"226","sourceActivityId":"CreateCol_ConfirmedEvent_ParticipantPhone","targetActivityId":"CreateCol_ConfirmedEvent_ParticipantEmail","outcome":"Success"},{"$id":"227","sourceActivityId":"CreateCol_ConfirmedEvent_ParticipantPhone","targetActivityId":"CreateCol_ConfirmedEvent_ParticipantEmail","outcome":"Failed"},{"$id":"228","sourceActivityId":"CreateCol_ConfirmedEvent_ParticipantEmail","targetActivityId":"CreateCol_ConfirmedEvent_Other","outcome":"Success"},{"$id":"229","sourceActivityId":"CreateCol_ConfirmedEvent_ParticipantEmail","targetActivityId":"CreateCol_ConfirmedEvent_Other","outcome":"Failed"},{"$id":"230","sourceActivityId":"CreateCol_ConfirmedEvent_Other","targetActivityId":"CreateCol_ConfirmedEvent_Event","outcome":"Success"},{"$id":"231","sourceActivityId":"CreateCol_ConfirmedEvent_Other","targetActivityId":"CreateCol_ConfirmedEvent_Event","outcome":"Failed"},{"$id":"232","sourceActivityId":"CreateCol_ConfirmedEvent_Event","targetActivityId":"CreateCol_Attendee_Name","outcome":"Success"},{"$id":"233","sourceActivityId":"CreateCol_ConfirmedEvent_Event","targetActivityId":"CreateCol_Attendee_Name","outcome":"Failed"},{"$id":"234","sourceActivityId":"CreateCol_Attendee_Name","targetActivityId":"CreateCol_Attendee_Email","outcome":"Success"},{"$id":"235","sourceActivityId":"CreateCol_Attendee_Name","targetActivityId":"CreateCol_Attendee_Email","outcome":"Failed"},{"$id":"236","sourceActivityId":"CreateCol_Attendee_Email","targetActivityId":"CreateCol_Attendee_Phone","outcome":"Success"},{"$id":"237","sourceActivityId":"CreateCol_Attendee_Email","targetActivityId":"CreateCol_Attendee_Phone","outcome":"Failed"},{"$id":"238","sourceActivityId":"CreateCol_Attendee_Phone","targetActivityId":"CreateCol_Attendee_Event","outcome":"Success"},{"$id":"239","sourceActivityId":"CreateCol_Attendee_Phone","targetActivityId":"CreateCol_Attendee_Event","outcome":"Failed"}],"id":"1"}