{"$id":"763","definitionId":"3316bb48bd894fe387ab277f0059434a","versionId":"b802c19b230d4f8daca18aa2eef6cf99","name":"Follow Up Opportunity","displayName":"Creates a Task to Follow Up an Opportunity","version":5,"variables":{"$id":"764","data":{}},"customAttributes":{"$id":"765","data":{}},"isSingleton":false,"persistenceBehavior":"WorkflowBurst","deleteCompletedInstances":false,"isPublished":true,"isLatest":true,"createdAt":"2023-12-05T05:47:38.8499942Z","activities":[{"$id":"766","activityId":"99369bed-529b-45a7-9263-36480d415656","type":"ObjectInstanceTrigger","name":"FollowUpOpp","displayName":"Follow Up","x":260,"y":260,"persistWorkflow":false,"loadWorkflowContext":false,"saveWorkflowContext":false,"properties":[{"$id":"767","name":"ObjectTypeId","expressions":{"$id":"768","Literal":"5"}}],"propertyStorageProviders":{"$id":"769"}},{"$id":"770","activityId":"75fddb40-2882-4f5b-bab6-854942315089","type":"ObjectInstanceGet","displayName":"Get Object Instance","x":740,"y":280,"persistWorkflow":false,"loadWorkflowContext":false,"saveWorkflowContext":false,"properties":[{"$id":"771","name":"InstanceId","syntax":"JavaScript","expressions":{"$id":"772","JavaScript":"activities.FollowUpOpp.Instance().ObjectId"}},{"$id":"773","name":"VariableName","expressions":{"$id":"774","Literal":"Opportunity"}}],"propertyStorageProviders":{"$id":"775"}},{"$id":"776","activityId":"9ed6c2f8-1ae8-4702-afb6-1eb320e44ca3","type":"TaskCreate","displayName":"Task Create","x":1180,"y":300,"persistWorkflow":false,"loadWorkflowContext":false,"saveWorkflowContext":false,"properties":[{"$id":"777","name":"Title","syntax":"Liquid","expressions":{"$id":"778","Liquid":"Please follow up the opportunity {{Variables.Opportunity.Title}}"}},{"$id":"779","name":"TaskDescription","syntax":"Liquid","expressions":{"$id":"780","Liquid":"# Follow Up\r\n\r\nIt is time to follow up the opportunity below. Please call the customer and enter the next action below"}},{"$id":"781","name":"Severity","expressions":{"$id":"782"}},{"$id":"783","name":"Priority","expressions":{"$id":"784"}},{"$id":"785","name":"Due","expressions":{"$id":"786"}},{"$id":"787","name":"RelatedObjectInstanceId","syntax":"JavaScript","expressions":{"$id":"788","JavaScript":"activities.FollowUpOpp.Instance().ObjectId"}},{"$id":"789","name":"DataQuestions","expressions":{"$id":"790","Json":"{\"Next Action\":\"NextAction\",\"Follow Up By\":\"NextFollouwUpBy\"}"}},{"$id":"791","name":"VariableName","expressions":{"$id":"792","Literal":"ThisOpportunity"}},{"$id":"793","name":"Branches","expressions":{"$id":"794","Json":"[\"Followed Up\",\"Lost\"]"}}],"propertyStorageProviders":{"$id":"795"}},{"$id":"796","activityId":"4ecc181e-643f-43b3-98d0-7a11fcb011f5","type":"ObjectInstanceUpdate","displayName":"Update Object Instance","x":1060,"y":440,"persistWorkflow":false,"loadWorkflowContext":false,"saveWorkflowContext":false,"properties":[{"$id":"797","name":"InstanceId","syntax":"JavaScript","expressions":{"$id":"798","JavaScript":"activities.FollowUpOpp.Instance().ObjectId"}},{"$id":"799","name":"ClearOmittedFields","expressions":{"$id":"800"}},{"$id":"801","name":"Values","expressions":{"$id":"802","Json":"{\"Status\":\"Closed - Lost\"}"}},{"$id":"803","name":"VariableName","expressions":{"$id":"804","Literal":"FinalOpp"}}],"propertyStorageProviders":{"$id":"805"}}],"connections":[{"$id":"806","sourceActivityId":"99369bed-529b-45a7-9263-36480d415656","targetActivityId":"75fddb40-2882-4f5b-bab6-854942315089","outcome":"Done"},{"$id":"807","sourceActivityId":"75fddb40-2882-4f5b-bab6-854942315089","targetActivityId":"9ed6c2f8-1ae8-4702-afb6-1eb320e44ca3","outcome":"Success"},{"$id":"808","sourceActivityId":"9ed6c2f8-1ae8-4702-afb6-1eb320e44ca3","targetActivityId":"4ecc181e-643f-43b3-98d0-7a11fcb011f5","outcome":"Lost"}],"id":"b802c19b230d4f8daca18aa2eef6cf99"}