{"$id":"809","definitionId":"f7848020425849909d3f9c136283903d","versionId":"e41a9dcc45b14063bff61e8102fc3fd7","name":"QualifyLead","displayName":"Qualifies a Lead","version":6,"variables":{"$id":"810","data":{}},"customAttributes":{"$id":"811","data":{}},"isSingleton":false,"persistenceBehavior":"WorkflowBurst","deleteCompletedInstances":false,"isPublished":true,"isLatest":true,"createdAt":"2023-12-05T06:09:34.9855379Z","activities":[{"$id":"812","activityId":"9151383a-2a6b-41d6-a7e9-66534ed04717","type":"ObjectInstanceTrigger","name":"Qualify","displayName":"Qualifies a Lead","x":180,"y":140,"persistWorkflow":false,"loadWorkflowContext":false,"saveWorkflowContext":false,"properties":[{"$id":"813","name":"ObjectTypeId","expressions":{"$id":"814","Literal":"1"}}],"propertyStorageProviders":{"$id":"815"}},{"$id":"816","activityId":"9218a89c-15ee-47b4-affc-b956e0405ea0","type":"SetVariable","displayName":"Set Variable ThisLead","x":580,"y":140,"persistWorkflow":false,"loadWorkflowContext":false,"saveWorkflowContext":false,"properties":[{"$id":"817","name":"VariableName","expressions":{"$id":"818","Literal":"ThisLead"}},{"$id":"819","name":"Value","syntax":"JavaScript","expressions":{"$id":"820","JavaScript":"activities.Qualify.Instance()"}}],"propertyStorageProviders":{"$id":"821"}},{"$id":"822","activityId":"0ca42bec-e01c-4526-9b1d-0ba3cde003ac","type":"ObjectInstanceList","name":"GetCustomers","displayName":"GetMachingCustomers","x":600,"y":260,"persistWorkflow":false,"loadWorkflowContext":false,"saveWorkflowContext":false,"properties":[{"$id":"823","name":"ObjectType","expressions":{"$id":"824","Literal":"3"}},{"$id":"825","name":"Filter","syntax":"Liquid","expressions":{"$id":"826","Liquid":"Name eq '{{Variables.ThisLead.Company}}'"}},{"$id":"827","name":"Skip","expressions":{"$id":"828"}},{"$id":"829","name":"Limit","expressions":{"$id":"830"}},{"$id":"831","name":"OrderBy","expressions":{"$id":"832"}}],"propertyStorageProviders":{"$id":"833"}},{"$id":"834","activityId":"64c75776-4944-43e7-ad13-405f96b0ddeb","type":"If","name":"","displayName":"IF Matching Customers Count >0","x":720,"y":380,"persistWorkflow":false,"loadWorkflowContext":false,"saveWorkflowContext":false,"properties":[{"$id":"835","name":"Condition","syntax":"JavaScript","expressions":{"$id":"836","JavaScript":"activities.GetCustomers.Output().Count >0"}}],"propertyStorageProviders":{"$id":"837"}},{"$id":"838","activityId":"5fad68a2-8152-4d7e-bedb-9a7a5c06996d","type":"SetVariable","displayName":"Set Variable","x":1180,"y":280,"persistWorkflow":false,"loadWorkflowContext":false,"saveWorkflowContext":false,"properties":[{"$id":"839","name":"VariableName","expressions":{"$id":"840","Literal":"ThisCustomer"}},{"$id":"841","name":"Value","syntax":"JavaScript","expressions":{"$id":"842","JavaScript":"activities.GetCustomers.Output()[0]"}}],"propertyStorageProviders":{"$id":"843"}},{"$id":"844","activityId":"3343f830-2845-45e5-a360-c0be6b7af005","type":"ObjectInstanceCreate","displayName":"Create Object Instance","x":1160,"y":500,"persistWorkflow":false,"loadWorkflowContext":false,"saveWorkflowContext":false,"properties":[{"$id":"845","name":"ObjectType","expressions":{"$id":"846","Literal":"3"}},{"$id":"847","name":"Values","syntax":"JavaScript","expressions":{"$id":"848","JavaScript":"var result = {\r\n    \"Name\":getVariable(\"ThisLead\").Company,\r\n    \"StreetAddress\":getVariable(\"ThisLead\").StreetAddress,\r\n    \"City\":getVariable(\"ThisLead\").City,\r\n    \"State\":getVariable(\"ThisLead\").State,\r\n    \"PostalCode\":getVariable(\"ThisLead\").PostCode,\r\n    \"Phone\":getVariable(\"ThisLead\").Phone\r\n};\r\nreturn result"}},{"$id":"849","name":"VariableName","expressions":{"$id":"850","Literal":"ThisCustomer"}}],"propertyStorageProviders":{"$id":"851"}},{"$id":"852","activityId":"d1e9bd48-a6c7-4551-9333-345090bc20b4","type":"ObjectInstanceList","name":"Contacts","displayName":"GetMatchingContacts","x":1560,"y":600,"persistWorkflow":false,"loadWorkflowContext":false,"saveWorkflowContext":false,"properties":[{"$id":"853","name":"ObjectType","expressions":{"$id":"854","Literal":"4"}},{"$id":"855","name":"Filter","syntax":"Liquid","expressions":{"$id":"856","Liquid":"FullName eq '{{Variables.ThisLead.FullName}}'"}},{"$id":"857","name":"Skip","expressions":{"$id":"858"}},{"$id":"859","name":"Limit","expressions":{"$id":"860"}},{"$id":"861","name":"OrderBy","expressions":{"$id":"862"}}],"propertyStorageProviders":{"$id":"863"}},{"$id":"864","activityId":"33777751-f054-4009-9677-a06c991cc718","type":"If","displayName":"If Matching Contacts Count >0","x":1960,"y":520,"persistWorkflow":false,"loadWorkflowContext":false,"saveWorkflowContext":false,"properties":[{"$id":"865","name":"Condition","syntax":"JavaScript","expressions":{"$id":"866","JavaScript":"activities.Contacts.Output().Count >0"}}],"propertyStorageProviders":{"$id":"867"}},{"$id":"868","activityId":"b340ced1-eed5-45b0-9fda-624e928e0df9","type":"SetVariable","displayName":"Set Variable","x":2460,"y":400,"persistWorkflow":false,"loadWorkflowContext":false,"saveWorkflowContext":false,"properties":[{"$id":"869","name":"VariableName","expressions":{"$id":"870","Literal":"ThisContact"}},{"$id":"871","name":"Value","syntax":"JavaScript","expressions":{"$id":"872","JavaScript":"activities.Contacts.Output()[0]"}}],"propertyStorageProviders":{"$id":"873"}},{"$id":"874","activityId":"bdfa3ea1-8762-4329-9647-ec0fa02ce6dd","type":"ObjectInstanceCreate","displayName":"Create Object Instance","x":2420,"y":600,"persistWorkflow":false,"loadWorkflowContext":false,"saveWorkflowContext":false,"properties":[{"$id":"875","name":"ObjectType","expressions":{"$id":"876","Literal":"4"}},{"$id":"877","name":"Values","syntax":"JavaScript","expressions":{"$id":"878","JavaScript":"var result = {\r\n \"FullName\":getVariable(\"ThisLead\").FullName,\r\n \"Email\":getVariable(\"ThisLead\").Email,\r\n \"Phone\":getVariable(\"ThisLead\").Phone,\r\n \"Company\":getVariable(\"ThisCustomer\").ObjectId   \r\n};\r\nreturn result;"}},{"$id":"879","name":"VariableName","expressions":{"$id":"880","Literal":"ThisContact"}}],"propertyStorageProviders":{"$id":"881"}},{"$id":"882","activityId":"5d0fa8f4-ad71-44ed-9ed8-f95f30c2d392","type":"ObjectInstanceCreate","displayName":"Create Object Instance","x":2960,"y":560,"persistWorkflow":false,"loadWorkflowContext":false,"saveWorkflowContext":false,"properties":[{"$id":"883","name":"ObjectType","expressions":{"$id":"884","Literal":"5"}},{"$id":"885","name":"Values","syntax":"JavaScript","expressions":{"$id":"886","JavaScript":"var result = {\r\n    \"Title\":\"Opportunity for \" + getVariable(\"ThisLead\").FullName,\r\n    \"Value\":getVariable(\"ThisLead\").Value,\r\n    \"CloseDate\":getVariable(\"ThisLead\").CloseDate,\r\n    \"Status\":6,\r\n    \"Customer\":getVariable(\"ThisCustomer\").ObjectId,\r\n    \"Contact\":getVariable(\"ThisContact\").ObjectId,\r\n    \"OrigLead\":getVariable(\"ThisLead\").ObjectId\r\n};\r\nreturn result;"}},{"$id":"887","name":"VariableName","expressions":{"$id":"888","Literal":"ThisOpportunity"}}],"propertyStorageProviders":{"$id":"889"}},{"$id":"890","activityId":"a5401a59-dee8-49e0-89e1-fb11ebd20fca","type":"ObjectInstanceUpdate","displayName":"Update Object Instance","x":3360,"y":660,"persistWorkflow":false,"loadWorkflowContext":false,"saveWorkflowContext":false,"properties":[{"$id":"891","name":"InstanceId","syntax":"JavaScript","expressions":{"$id":"892","JavaScript":"getVariable(\"ThisLead\").ObjectId"}},{"$id":"893","name":"ClearOmittedFields","expressions":{"$id":"894"}},{"$id":"895","name":"Values","expressions":{"$id":"896","Json":"{\"Status\":\"3\"}"}},{"$id":"897","name":"VariableName","expressions":{"$id":"898"}}],"propertyStorageProviders":{"$id":"899"}}],"connections":[{"$id":"900","sourceActivityId":"9151383a-2a6b-41d6-a7e9-66534ed04717","targetActivityId":"9218a89c-15ee-47b4-affc-b956e0405ea0","outcome":"Done"},{"$id":"901","sourceActivityId":"9218a89c-15ee-47b4-affc-b956e0405ea0","targetActivityId":"0ca42bec-e01c-4526-9b1d-0ba3cde003ac","outcome":"Done"},{"$id":"902","sourceActivityId":"0ca42bec-e01c-4526-9b1d-0ba3cde003ac","targetActivityId":"64c75776-4944-43e7-ad13-405f96b0ddeb","outcome":"Done"},{"$id":"903","sourceActivityId":"64c75776-4944-43e7-ad13-405f96b0ddeb","targetActivityId":"5fad68a2-8152-4d7e-bedb-9a7a5c06996d","outcome":"True"},{"$id":"904","sourceActivityId":"64c75776-4944-43e7-ad13-405f96b0ddeb","targetActivityId":"3343f830-2845-45e5-a360-c0be6b7af005","outcome":"False"},{"$id":"905","sourceActivityId":"3343f830-2845-45e5-a360-c0be6b7af005","targetActivityId":"d1e9bd48-a6c7-4551-9333-345090bc20b4","outcome":"Done"},{"$id":"906","sourceActivityId":"5fad68a2-8152-4d7e-bedb-9a7a5c06996d","targetActivityId":"d1e9bd48-a6c7-4551-9333-345090bc20b4","outcome":"Done"},{"$id":"907","sourceActivityId":"d1e9bd48-a6c7-4551-9333-345090bc20b4","targetActivityId":"33777751-f054-4009-9677-a06c991cc718","outcome":"Done"},{"$id":"908","sourceActivityId":"33777751-f054-4009-9677-a06c991cc718","targetActivityId":"b340ced1-eed5-45b0-9fda-624e928e0df9","outcome":"True"},{"$id":"909","sourceActivityId":"33777751-f054-4009-9677-a06c991cc718","targetActivityId":"bdfa3ea1-8762-4329-9647-ec0fa02ce6dd","outcome":"False"},{"$id":"910","sourceActivityId":"b340ced1-eed5-45b0-9fda-624e928e0df9","targetActivityId":"5d0fa8f4-ad71-44ed-9ed8-f95f30c2d392","outcome":"Done"},{"$id":"911","sourceActivityId":"bdfa3ea1-8762-4329-9647-ec0fa02ce6dd","targetActivityId":"5d0fa8f4-ad71-44ed-9ed8-f95f30c2d392","outcome":"Done"},{"$id":"912","sourceActivityId":"5d0fa8f4-ad71-44ed-9ed8-f95f30c2d392","targetActivityId":"a5401a59-dee8-49e0-89e1-fb11ebd20fca","outcome":"Done"}],"id":"e41a9dcc45b14063bff61e8102fc3fd7"}