{"$id":"1","definitionId":"SETUPTYPES_f9a9134d-9a47-4ae9-9853-1804fac327a1","versionId":"1","displayName":"CRM-TYPES","description":"SETUPTYPES_CRM","version":0,"variables":{"$id":"2","data":{}},"customAttributes":{"$id":"3","data":{}},"isSingleton":false,"persistenceBehavior":"WorkflowBurst","deleteCompletedInstances":false,"isPublished":false,"isLatest":false,"createdAt":"1970-01-01T00:00:00Z","activities":[{"$id":"4","activityId":"CreateType_Lead","type":"TypeCreate","name":"CreateType_Lead","displayName":"CreateType_Lead","description":"CreateType_Lead","x":64,"y":128,"persistWorkflow":false,"loadWorkflowContext":false,"saveWorkflowContext":false,"properties":[{"$id":"5","name":"TypeName","syntax":"Literal","expressions":{"$id":"6","Literal":"Lead"}},{"$id":"7","name":"TypeDescription","syntax":"Literal","expressions":{"$id":"8","Literal":"A Lead"}}],"propertyStorageProviders":{"$id":"9"}},{"$id":"10","activityId":"CreateType_LeadStatus","type":"TypeCreate","name":"CreateType_LeadStatus","displayName":"CreateType_LeadStatus","description":"CreateType_LeadStatus","x":64,"y":256,"persistWorkflow":false,"loadWorkflowContext":false,"saveWorkflowContext":false,"properties":[{"$id":"11","name":"TypeName","syntax":"Literal","expressions":{"$id":"12","Literal":"LeadStatus"}},{"$id":"13","name":"TypeDescription","syntax":"Literal","expressions":{"$id":"14","Literal":"The Status of a lead"}}],"propertyStorageProviders":{"$id":"15"}},{"$id":"16","activityId":"CreateType_Customer","type":"TypeCreate","name":"CreateType_Customer","displayName":"CreateType_Customer","description":"CreateType_Customer","x":64,"y":384,"persistWorkflow":false,"loadWorkflowContext":false,"saveWorkflowContext":false,"properties":[{"$id":"17","name":"TypeName","syntax":"Literal","expressions":{"$id":"18","Literal":"Customer"}},{"$id":"19","name":"TypeDescription","syntax":"Literal","expressions":{"$id":"20","Literal":"A Customer"}}],"propertyStorageProviders":{"$id":"21"}},{"$id":"22","activityId":"CreateType_Contact","type":"TypeCreate","name":"CreateType_Contact","displayName":"CreateType_Contact","description":"CreateType_Contact","x":64,"y":512,"persistWorkflow":false,"loadWorkflowContext":false,"saveWorkflowContext":false,"properties":[{"$id":"23","name":"TypeName","syntax":"Literal","expressions":{"$id":"24","Literal":"Contact"}},{"$id":"25","name":"TypeDescription","syntax":"Literal","expressions":{"$id":"26","Literal":"A Contact"}}],"propertyStorageProviders":{"$id":"27"}},{"$id":"28","activityId":"CreateType_Opportunity","type":"TypeCreate","name":"CreateType_Opportunity","displayName":"CreateType_Opportunity","description":"CreateType_Opportunity","x":64,"y":640,"persistWorkflow":false,"loadWorkflowContext":false,"saveWorkflowContext":false,"properties":[{"$id":"29","name":"TypeName","syntax":"Literal","expressions":{"$id":"30","Literal":"Opportunity"}},{"$id":"31","name":"TypeDescription","syntax":"Literal","expressions":{"$id":"32","Literal":"An Opportunity"}}],"propertyStorageProviders":{"$id":"33"}},{"$id":"34","activityId":"CreateType_OpportunityStatus","type":"TypeCreate","name":"CreateType_OpportunityStatus","displayName":"CreateType_OpportunityStatus","description":"CreateType_OpportunityStatus","x":64,"y":768,"persistWorkflow":false,"loadWorkflowContext":false,"saveWorkflowContext":false,"properties":[{"$id":"35","name":"TypeName","syntax":"Literal","expressions":{"$id":"36","Literal":"OpportunityStatus"}},{"$id":"37","name":"TypeDescription","syntax":"Literal","expressions":{"$id":"38","Literal":"The Status of an Opportunity"}}],"propertyStorageProviders":{"$id":"39"}},{"$id":"40","activityId":"CreateCol_Lead_FullName","type":"TypeAddColumn","name":"CreateCol_Lead_FullName","displayName":"CreateCol_Lead_FullName","x":128,"y":1024,"persistWorkflow":false,"loadWorkflowContext":false,"saveWorkflowContext":false,"properties":[{"$id":"41","name":"ObjectType","syntax":"JavaScript","expressions":{"$id":"42","JavaScript":"return \"Lead\";"}},{"$id":"43","name":"ColumnName","syntax":"Literal","expressions":{"$id":"44","Literal":"FullName"}},{"$id":"45","name":"ColumnDisplayName","syntax":"Literal","expressions":{"$id":"46","Literal":"Full Name"}},{"$id":"47","name":"ColumnDescription","syntax":"Literal","expressions":{"$id":"48","Literal":"The Full name"}},{"$id":"49","name":"ColumnTypeId","syntax":"Literal","expressions":{"$id":"50","Literal":"6"}},{"$id":"51","name":"DisplayOrder","syntax":"Literal","expressions":{"$id":"52","Literal":"1"}},{"$id":"53","name":"Visible","syntax":"Literal","expressions":{"$id":"54","Literal":"True"}},{"$id":"55","name":"Indexed","syntax":"Literal","expressions":{"$id":"56","Literal":"False"}}],"propertyStorageProviders":{"$id":"57"}},{"$id":"58","activityId":"CreateCol_Lead_Company","type":"TypeAddColumn","name":"CreateCol_Lead_Company","displayName":"CreateCol_Lead_Company","x":256,"y":1152,"persistWorkflow":false,"loadWorkflowContext":false,"saveWorkflowContext":false,"properties":[{"$id":"59","name":"ObjectType","syntax":"JavaScript","expressions":{"$id":"60","JavaScript":"return \"Lead\";"}},{"$id":"61","name":"ColumnName","syntax":"Literal","expressions":{"$id":"62","Literal":"Company"}},{"$id":"63","name":"ColumnDisplayName","syntax":"Literal","expressions":{"$id":"64","Literal":"Company"}},{"$id":"65","name":"ColumnDescription","syntax":"Literal","expressions":{"$id":"66","Literal":"Company"}},{"$id":"67","name":"ColumnTypeId","syntax":"Literal","expressions":{"$id":"68","Literal":"6"}},{"$id":"69","name":"DisplayOrder","syntax":"Literal","expressions":{"$id":"70","Literal":"2"}},{"$id":"71","name":"Visible","syntax":"Literal","expressions":{"$id":"72","Literal":"True"}},{"$id":"73","name":"Indexed","syntax":"Literal","expressions":{"$id":"74","Literal":"False"}}],"propertyStorageProviders":{"$id":"75"}},{"$id":"76","activityId":"CreateCol_Lead_StreetAddress","type":"TypeAddColumn","name":"CreateCol_Lead_StreetAddress","displayName":"CreateCol_Lead_StreetAddress","x":384,"y":1280,"persistWorkflow":false,"loadWorkflowContext":false,"saveWorkflowContext":false,"properties":[{"$id":"77","name":"ObjectType","syntax":"JavaScript","expressions":{"$id":"78","JavaScript":"return \"Lead\";"}},{"$id":"79","name":"ColumnName","syntax":"Literal","expressions":{"$id":"80","Literal":"StreetAddress"}},{"$id":"81","name":"ColumnDisplayName","syntax":"Literal","expressions":{"$id":"82","Literal":"Street Address"}},{"$id":"83","name":"ColumnDescription","syntax":"Literal","expressions":{"$id":"84","Literal":"Street Address"}},{"$id":"85","name":"ColumnTypeId","syntax":"Literal","expressions":{"$id":"86","Literal":"6"}},{"$id":"87","name":"DisplayOrder","syntax":"Literal","expressions":{"$id":"88","Literal":"3"}},{"$id":"89","name":"Visible","syntax":"Literal","expressions":{"$id":"90","Literal":"True"}},{"$id":"91","name":"Indexed","syntax":"Literal","expressions":{"$id":"92","Literal":"False"}}],"propertyStorageProviders":{"$id":"93"}},{"$id":"94","activityId":"CreateCol_Lead_City","type":"TypeAddColumn","name":"CreateCol_Lead_City","displayName":"CreateCol_Lead_City","x":512,"y":1408,"persistWorkflow":false,"loadWorkflowContext":false,"saveWorkflowContext":false,"properties":[{"$id":"95","name":"ObjectType","syntax":"JavaScript","expressions":{"$id":"96","JavaScript":"return \"Lead\";"}},{"$id":"97","name":"ColumnName","syntax":"Literal","expressions":{"$id":"98","Literal":"City"}},{"$id":"99","name":"ColumnDisplayName","syntax":"Literal","expressions":{"$id":"100","Literal":"City"}},{"$id":"101","name":"ColumnDescription","syntax":"Literal","expressions":{"$id":"102","Literal":"City"}},{"$id":"103","name":"ColumnTypeId","syntax":"Literal","expressions":{"$id":"104","Literal":"6"}},{"$id":"105","name":"DisplayOrder","syntax":"Literal","expressions":{"$id":"106","Literal":"4"}},{"$id":"107","name":"Visible","syntax":"Literal","expressions":{"$id":"108","Literal":"True"}},{"$id":"109","name":"Indexed","syntax":"Literal","expressions":{"$id":"110","Literal":"False"}}],"propertyStorageProviders":{"$id":"111"}},{"$id":"112","activityId":"CreateCol_Lead_State","type":"TypeAddColumn","name":"CreateCol_Lead_State","displayName":"CreateCol_Lead_State","x":640,"y":1536,"persistWorkflow":false,"loadWorkflowContext":false,"saveWorkflowContext":false,"properties":[{"$id":"113","name":"ObjectType","syntax":"JavaScript","expressions":{"$id":"114","JavaScript":"return \"Lead\";"}},{"$id":"115","name":"ColumnName","syntax":"Literal","expressions":{"$id":"116","Literal":"State"}},{"$id":"117","name":"ColumnDisplayName","syntax":"Literal","expressions":{"$id":"118","Literal":"State"}},{"$id":"119","name":"ColumnDescription","syntax":"Literal","expressions":{"$id":"120","Literal":"State"}},{"$id":"121","name":"ColumnTypeId","syntax":"Literal","expressions":{"$id":"122","Literal":"6"}},{"$id":"123","name":"DisplayOrder","syntax":"Literal","expressions":{"$id":"124","Literal":"5"}},{"$id":"125","name":"Visible","syntax":"Literal","expressions":{"$id":"126","Literal":"True"}},{"$id":"127","name":"Indexed","syntax":"Literal","expressions":{"$id":"128","Literal":"False"}}],"propertyStorageProviders":{"$id":"129"}},{"$id":"130","activityId":"CreateCol_Lead_PostCode","type":"TypeAddColumn","name":"CreateCol_Lead_PostCode","displayName":"CreateCol_Lead_PostCode","x":768,"y":1664,"persistWorkflow":false,"loadWorkflowContext":false,"saveWorkflowContext":false,"properties":[{"$id":"131","name":"ObjectType","syntax":"JavaScript","expressions":{"$id":"132","JavaScript":"return \"Lead\";"}},{"$id":"133","name":"ColumnName","syntax":"Literal","expressions":{"$id":"134","Literal":"PostCode"}},{"$id":"135","name":"ColumnDisplayName","syntax":"Literal","expressions":{"$id":"136","Literal":"PostCode"}},{"$id":"137","name":"ColumnDescription","syntax":"Literal","expressions":{"$id":"138","Literal":"PostCode"}},{"$id":"139","name":"ColumnTypeId","syntax":"Literal","expressions":{"$id":"140","Literal":"6"}},{"$id":"141","name":"DisplayOrder","syntax":"Literal","expressions":{"$id":"142","Literal":"6"}},{"$id":"143","name":"Visible","syntax":"Literal","expressions":{"$id":"144","Literal":"True"}},{"$id":"145","name":"Indexed","syntax":"Literal","expressions":{"$id":"146","Literal":"False"}}],"propertyStorageProviders":{"$id":"147"}},{"$id":"148","activityId":"CreateCol_Lead_Email","type":"TypeAddColumn","name":"CreateCol_Lead_Email","displayName":"CreateCol_Lead_Email","x":896,"y":1792,"persistWorkflow":false,"loadWorkflowContext":false,"saveWorkflowContext":false,"properties":[{"$id":"149","name":"ObjectType","syntax":"JavaScript","expressions":{"$id":"150","JavaScript":"return \"Lead\";"}},{"$id":"151","name":"ColumnName","syntax":"Literal","expressions":{"$id":"152","Literal":"Email"}},{"$id":"153","name":"ColumnDisplayName","syntax":"Literal","expressions":{"$id":"154","Literal":"Email"}},{"$id":"155","name":"ColumnDescription","syntax":"Literal","expressions":{"$id":"156","Literal":"Email"}},{"$id":"157","name":"ColumnTypeId","syntax":"Literal","expressions":{"$id":"158","Literal":"6"}},{"$id":"159","name":"DisplayOrder","syntax":"Literal","expressions":{"$id":"160","Literal":"7"}},{"$id":"161","name":"Visible","syntax":"Literal","expressions":{"$id":"162","Literal":"True"}},{"$id":"163","name":"Indexed","syntax":"Literal","expressions":{"$id":"164","Literal":"False"}}],"propertyStorageProviders":{"$id":"165"}},{"$id":"166","activityId":"CreateCol_Lead_Phone","type":"TypeAddColumn","name":"CreateCol_Lead_Phone","displayName":"CreateCol_Lead_Phone","x":1024,"y":1920,"persistWorkflow":false,"loadWorkflowContext":false,"saveWorkflowContext":false,"properties":[{"$id":"167","name":"ObjectType","syntax":"JavaScript","expressions":{"$id":"168","JavaScript":"return \"Lead\";"}},{"$id":"169","name":"ColumnName","syntax":"Literal","expressions":{"$id":"170","Literal":"Phone"}},{"$id":"171","name":"ColumnDisplayName","syntax":"Literal","expressions":{"$id":"172","Literal":"Phone"}},{"$id":"173","name":"ColumnDescription","syntax":"Literal","expressions":{"$id":"174","Literal":"Phone"}},{"$id":"175","name":"ColumnTypeId","syntax":"Literal","expressions":{"$id":"176","Literal":"6"}},{"$id":"177","name":"DisplayOrder","syntax":"Literal","expressions":{"$id":"178","Literal":"8"}},{"$id":"179","name":"Visible","syntax":"Literal","expressions":{"$id":"180","Literal":"True"}},{"$id":"181","name":"Indexed","syntax":"Literal","expressions":{"$id":"182","Literal":"False"}}],"propertyStorageProviders":{"$id":"183"}},{"$id":"184","activityId":"CreateCol_Lead_Value","type":"TypeAddColumn","name":"CreateCol_Lead_Value","displayName":"CreateCol_Lead_Value","x":1152,"y":2048,"persistWorkflow":false,"loadWorkflowContext":false,"saveWorkflowContext":false,"properties":[{"$id":"185","name":"ObjectType","syntax":"JavaScript","expressions":{"$id":"186","JavaScript":"return \"Lead\";"}},{"$id":"187","name":"ColumnName","syntax":"Literal","expressions":{"$id":"188","Literal":"Value"}},{"$id":"189","name":"ColumnDisplayName","syntax":"Literal","expressions":{"$id":"190","Literal":"Value"}},{"$id":"191","name":"ColumnDescription","syntax":"Literal","expressions":{"$id":"192","Literal":"Value"}},{"$id":"193","name":"ColumnTypeId","syntax":"Literal","expressions":{"$id":"194","Literal":"3"}},{"$id":"195","name":"DisplayOrder","syntax":"Literal","expressions":{"$id":"196","Literal":"9"}},{"$id":"197","name":"Visible","syntax":"Literal","expressions":{"$id":"198","Literal":"True"}},{"$id":"199","name":"Indexed","syntax":"Literal","expressions":{"$id":"200","Literal":"False"}}],"propertyStorageProviders":{"$id":"201"}},{"$id":"202","activityId":"CreateCol_Lead_CloseDate","type":"TypeAddColumn","name":"CreateCol_Lead_CloseDate","displayName":"CreateCol_Lead_CloseDate","x":1280,"y":2176,"persistWorkflow":false,"loadWorkflowContext":false,"saveWorkflowContext":false,"properties":[{"$id":"203","name":"ObjectType","syntax":"JavaScript","expressions":{"$id":"204","JavaScript":"return \"Lead\";"}},{"$id":"205","name":"ColumnName","syntax":"Literal","expressions":{"$id":"206","Literal":"CloseDate"}},{"$id":"207","name":"ColumnDisplayName","syntax":"Literal","expressions":{"$id":"208","Literal":"Close Date"}},{"$id":"209","name":"ColumnDescription","syntax":"Literal","expressions":{"$id":"210","Literal":"Close Date"}},{"$id":"211","name":"ColumnTypeId","syntax":"Literal","expressions":{"$id":"212","Literal":"7"}},{"$id":"213","name":"DisplayOrder","syntax":"Literal","expressions":{"$id":"214","Literal":"10"}},{"$id":"215","name":"Visible","syntax":"Literal","expressions":{"$id":"216","Literal":"True"}},{"$id":"217","name":"Indexed","syntax":"Literal","expressions":{"$id":"218","Literal":"False"}}],"propertyStorageProviders":{"$id":"219"}},{"$id":"220","activityId":"CreateCol_Lead_Status","type":"TypeAddColumn","name":"CreateCol_Lead_Status","displayName":"CreateCol_Lead_Status","x":1408,"y":2304,"persistWorkflow":false,"loadWorkflowContext":false,"saveWorkflowContext":false,"properties":[{"$id":"221","name":"ObjectType","syntax":"JavaScript","expressions":{"$id":"222","JavaScript":"return \"Lead\";"}},{"$id":"223","name":"ColumnName","syntax":"Literal","expressions":{"$id":"224","Literal":"Status"}},{"$id":"225","name":"ColumnDisplayName","syntax":"Literal","expressions":{"$id":"226","Literal":"Status"}},{"$id":"227","name":"ColumnDescription","syntax":"Literal","expressions":{"$id":"228","Literal":"Status"}},{"$id":"229","name":"ColumnTypeId","syntax":"Literal","expressions":{"$id":"230","Literal":"1"}},{"$id":"231","name":"PrincipalType","syntax":"Literal","expressions":{"$id":"232","Literal":"LeadStatus"}},{"$id":"233","name":"DisplayOrder","syntax":"Literal","expressions":{"$id":"234","Literal":"11"}},{"$id":"235","name":"Visible","syntax":"Literal","expressions":{"$id":"236","Literal":"True"}},{"$id":"237","name":"Indexed","syntax":"Literal","expressions":{"$id":"238","Literal":"False"}}],"propertyStorageProviders":{"$id":"239"}},{"$id":"240","activityId":"CreateCol_Lead_Description","type":"TypeAddColumn","name":"CreateCol_Lead_Description","displayName":"CreateCol_Lead_Description","x":1536,"y":2432,"persistWorkflow":false,"loadWorkflowContext":false,"saveWorkflowContext":false,"properties":[{"$id":"241","name":"ObjectType","syntax":"JavaScript","expressions":{"$id":"242","JavaScript":"return \"Lead\";"}},{"$id":"243","name":"ColumnName","syntax":"Literal","expressions":{"$id":"244","Literal":"Description"}},{"$id":"245","name":"ColumnDisplayName","syntax":"Literal","expressions":{"$id":"246","Literal":"Description"}},{"$id":"247","name":"ColumnDescription","syntax":"Literal","expressions":{"$id":"248","Literal":"Description"}},{"$id":"249","name":"ColumnTypeId","syntax":"Literal","expressions":{"$id":"250","Literal":"6"}},{"$id":"251","name":"DisplayOrder","syntax":"Literal","expressions":{"$id":"252","Literal":"12"}},{"$id":"253","name":"Visible","syntax":"Literal","expressions":{"$id":"254","Literal":"True"}},{"$id":"255","name":"Indexed","syntax":"Literal","expressions":{"$id":"256","Literal":"False"}}],"propertyStorageProviders":{"$id":"257"}},{"$id":"258","activityId":"CreateCol_Customer_Name","type":"TypeAddColumn","name":"CreateCol_Customer_Name","displayName":"CreateCol_Customer_Name","x":128,"y":2560,"persistWorkflow":false,"loadWorkflowContext":false,"saveWorkflowContext":false,"properties":[{"$id":"259","name":"ObjectType","syntax":"JavaScript","expressions":{"$id":"260","JavaScript":"return \"Customer\";"}},{"$id":"261","name":"ColumnName","syntax":"Literal","expressions":{"$id":"262","Literal":"Name"}},{"$id":"263","name":"ColumnDisplayName","syntax":"Literal","expressions":{"$id":"264","Literal":"Name"}},{"$id":"265","name":"ColumnDescription","syntax":"Literal","expressions":{"$id":"266","Literal":"The name of the Company"}},{"$id":"267","name":"ColumnTypeId","syntax":"Literal","expressions":{"$id":"268","Literal":"6"}},{"$id":"269","name":"DisplayOrder","syntax":"Literal","expressions":{"$id":"270","Literal":"1"}},{"$id":"271","name":"Visible","syntax":"Literal","expressions":{"$id":"272","Literal":"True"}},{"$id":"273","name":"Indexed","syntax":"Literal","expressions":{"$id":"274","Literal":"False"}}],"propertyStorageProviders":{"$id":"275"}},{"$id":"276","activityId":"CreateCol_Customer_StreetAddress","type":"TypeAddColumn","name":"CreateCol_Customer_StreetAddress","displayName":"CreateCol_Customer_StreetAddress","x":256,"y":2688,"persistWorkflow":false,"loadWorkflowContext":false,"saveWorkflowContext":false,"properties":[{"$id":"277","name":"ObjectType","syntax":"JavaScript","expressions":{"$id":"278","JavaScript":"return \"Customer\";"}},{"$id":"279","name":"ColumnName","syntax":"Literal","expressions":{"$id":"280","Literal":"StreetAddress"}},{"$id":"281","name":"ColumnDisplayName","syntax":"Literal","expressions":{"$id":"282","Literal":"StreetAddress"}},{"$id":"283","name":"ColumnDescription","syntax":"Literal","expressions":{"$id":"284","Literal":"StreetAddress"}},{"$id":"285","name":"ColumnTypeId","syntax":"Literal","expressions":{"$id":"286","Literal":"6"}},{"$id":"287","name":"DisplayOrder","syntax":"Literal","expressions":{"$id":"288","Literal":"2"}},{"$id":"289","name":"Visible","syntax":"Literal","expressions":{"$id":"290","Literal":"True"}},{"$id":"291","name":"Indexed","syntax":"Literal","expressions":{"$id":"292","Literal":"False"}}],"propertyStorageProviders":{"$id":"293"}},{"$id":"294","activityId":"CreateCol_Customer_City","type":"TypeAddColumn","name":"CreateCol_Customer_City","displayName":"CreateCol_Customer_City","x":384,"y":2816,"persistWorkflow":false,"loadWorkflowContext":false,"saveWorkflowContext":false,"properties":[{"$id":"295","name":"ObjectType","syntax":"JavaScript","expressions":{"$id":"296","JavaScript":"return \"Customer\";"}},{"$id":"297","name":"ColumnName","syntax":"Literal","expressions":{"$id":"298","Literal":"City"}},{"$id":"299","name":"ColumnDisplayName","syntax":"Literal","expressions":{"$id":"300","Literal":"City"}},{"$id":"301","name":"ColumnDescription","syntax":"Literal","expressions":{"$id":"302","Literal":"City"}},{"$id":"303","name":"ColumnTypeId","syntax":"Literal","expressions":{"$id":"304","Literal":"6"}},{"$id":"305","name":"DisplayOrder","syntax":"Literal","expressions":{"$id":"306","Literal":"3"}},{"$id":"307","name":"Visible","syntax":"Literal","expressions":{"$id":"308","Literal":"True"}},{"$id":"309","name":"Indexed","syntax":"Literal","expressions":{"$id":"310","Literal":"False"}}],"propertyStorageProviders":{"$id":"311"}},{"$id":"312","activityId":"CreateCol_Customer_State","type":"TypeAddColumn","name":"CreateCol_Customer_State","displayName":"CreateCol_Customer_State","x":512,"y":2944,"persistWorkflow":false,"loadWorkflowContext":false,"saveWorkflowContext":false,"properties":[{"$id":"313","name":"ObjectType","syntax":"JavaScript","expressions":{"$id":"314","JavaScript":"return \"Customer\";"}},{"$id":"315","name":"ColumnName","syntax":"Literal","expressions":{"$id":"316","Literal":"State"}},{"$id":"317","name":"ColumnDisplayName","syntax":"Literal","expressions":{"$id":"318","Literal":"State"}},{"$id":"319","name":"ColumnDescription","syntax":"Literal","expressions":{"$id":"320","Literal":"State"}},{"$id":"321","name":"ColumnTypeId","syntax":"Literal","expressions":{"$id":"322","Literal":"6"}},{"$id":"323","name":"DisplayOrder","syntax":"Literal","expressions":{"$id":"324","Literal":"4"}},{"$id":"325","name":"Visible","syntax":"Literal","expressions":{"$id":"326","Literal":"True"}},{"$id":"327","name":"Indexed","syntax":"Literal","expressions":{"$id":"328","Literal":"False"}}],"propertyStorageProviders":{"$id":"329"}},{"$id":"330","activityId":"CreateCol_Customer_PostalCode","type":"TypeAddColumn","name":"CreateCol_Customer_PostalCode","displayName":"CreateCol_Customer_PostalCode","x":640,"y":3072,"persistWorkflow":false,"loadWorkflowContext":false,"saveWorkflowContext":false,"properties":[{"$id":"331","name":"ObjectType","syntax":"JavaScript","expressions":{"$id":"332","JavaScript":"return \"Customer\";"}},{"$id":"333","name":"ColumnName","syntax":"Literal","expressions":{"$id":"334","Literal":"PostalCode"}},{"$id":"335","name":"ColumnDisplayName","syntax":"Literal","expressions":{"$id":"336","Literal":"PostalCode"}},{"$id":"337","name":"ColumnDescription","syntax":"Literal","expressions":{"$id":"338","Literal":"PostalCode"}},{"$id":"339","name":"ColumnTypeId","syntax":"Literal","expressions":{"$id":"340","Literal":"6"}},{"$id":"341","name":"DisplayOrder","syntax":"Literal","expressions":{"$id":"342","Literal":"5"}},{"$id":"343","name":"Visible","syntax":"Literal","expressions":{"$id":"344","Literal":"True"}},{"$id":"345","name":"Indexed","syntax":"Literal","expressions":{"$id":"346","Literal":"False"}}],"propertyStorageProviders":{"$id":"347"}},{"$id":"348","activityId":"CreateCol_Customer_Phone","type":"TypeAddColumn","name":"CreateCol_Customer_Phone","displayName":"CreateCol_Customer_Phone","x":768,"y":3200,"persistWorkflow":false,"loadWorkflowContext":false,"saveWorkflowContext":false,"properties":[{"$id":"349","name":"ObjectType","syntax":"JavaScript","expressions":{"$id":"350","JavaScript":"return \"Customer\";"}},{"$id":"351","name":"ColumnName","syntax":"Literal","expressions":{"$id":"352","Literal":"Phone"}},{"$id":"353","name":"ColumnDisplayName","syntax":"Literal","expressions":{"$id":"354","Literal":"Phone"}},{"$id":"355","name":"ColumnDescription","syntax":"Literal","expressions":{"$id":"356","Literal":"Phone"}},{"$id":"357","name":"ColumnTypeId","syntax":"Literal","expressions":{"$id":"358","Literal":"6"}},{"$id":"359","name":"DisplayOrder","syntax":"Literal","expressions":{"$id":"360","Literal":"6"}},{"$id":"361","name":"Visible","syntax":"Literal","expressions":{"$id":"362","Literal":"True"}},{"$id":"363","name":"Indexed","syntax":"Literal","expressions":{"$id":"364","Literal":"False"}}],"propertyStorageProviders":{"$id":"365"}},{"$id":"366","activityId":"CreateCol_Contact_FullName","type":"TypeAddColumn","name":"CreateCol_Contact_FullName","displayName":"CreateCol_Contact_FullName","x":128,"y":3328,"persistWorkflow":false,"loadWorkflowContext":false,"saveWorkflowContext":false,"properties":[{"$id":"367","name":"ObjectType","syntax":"JavaScript","expressions":{"$id":"368","JavaScript":"return \"Contact\";"}},{"$id":"369","name":"ColumnName","syntax":"Literal","expressions":{"$id":"370","Literal":"FullName"}},{"$id":"371","name":"ColumnDisplayName","syntax":"Literal","expressions":{"$id":"372","Literal":"Full Name"}},{"$id":"373","name":"ColumnDescription","syntax":"Literal","expressions":{"$id":"374","Literal":"Full name of the Contact"}},{"$id":"375","name":"ColumnTypeId","syntax":"Literal","expressions":{"$id":"376","Literal":"6"}},{"$id":"377","name":"DisplayOrder","syntax":"Literal","expressions":{"$id":"378","Literal":"1"}},{"$id":"379","name":"Visible","syntax":"Literal","expressions":{"$id":"380","Literal":"True"}},{"$id":"381","name":"Indexed","syntax":"Literal","expressions":{"$id":"382","Literal":"False"}}],"propertyStorageProviders":{"$id":"383"}},{"$id":"384","activityId":"CreateCol_Contact_Email","type":"TypeAddColumn","name":"CreateCol_Contact_Email","displayName":"CreateCol_Contact_Email","x":256,"y":3456,"persistWorkflow":false,"loadWorkflowContext":false,"saveWorkflowContext":false,"properties":[{"$id":"385","name":"ObjectType","syntax":"JavaScript","expressions":{"$id":"386","JavaScript":"return \"Contact\";"}},{"$id":"387","name":"ColumnName","syntax":"Literal","expressions":{"$id":"388","Literal":"Email"}},{"$id":"389","name":"ColumnDisplayName","syntax":"Literal","expressions":{"$id":"390","Literal":"Email"}},{"$id":"391","name":"ColumnDescription","syntax":"Literal","expressions":{"$id":"392","Literal":"Email"}},{"$id":"393","name":"ColumnTypeId","syntax":"Literal","expressions":{"$id":"394","Literal":"6"}},{"$id":"395","name":"DisplayOrder","syntax":"Literal","expressions":{"$id":"396","Literal":"2"}},{"$id":"397","name":"Visible","syntax":"Literal","expressions":{"$id":"398","Literal":"True"}},{"$id":"399","name":"Indexed","syntax":"Literal","expressions":{"$id":"400","Literal":"False"}}],"propertyStorageProviders":{"$id":"401"}},{"$id":"402","activityId":"CreateCol_Contact_Phone","type":"TypeAddColumn","name":"CreateCol_Contact_Phone","displayName":"CreateCol_Contact_Phone","x":384,"y":3584,"persistWorkflow":false,"loadWorkflowContext":false,"saveWorkflowContext":false,"properties":[{"$id":"403","name":"ObjectType","syntax":"JavaScript","expressions":{"$id":"404","JavaScript":"return \"Contact\";"}},{"$id":"405","name":"ColumnName","syntax":"Literal","expressions":{"$id":"406","Literal":"Phone"}},{"$id":"407","name":"ColumnDisplayName","syntax":"Literal","expressions":{"$id":"408","Literal":"Phone"}},{"$id":"409","name":"ColumnDescription","syntax":"Literal","expressions":{"$id":"410","Literal":"Phone"}},{"$id":"411","name":"ColumnTypeId","syntax":"Literal","expressions":{"$id":"412","Literal":"6"}},{"$id":"413","name":"DisplayOrder","syntax":"Literal","expressions":{"$id":"414","Literal":"3"}},{"$id":"415","name":"Visible","syntax":"Literal","expressions":{"$id":"416","Literal":"True"}},{"$id":"417","name":"Indexed","syntax":"Literal","expressions":{"$id":"418","Literal":"False"}}],"propertyStorageProviders":{"$id":"419"}},{"$id":"420","activityId":"CreateCol_Contact_Company","type":"TypeAddColumn","name":"CreateCol_Contact_Company","displayName":"CreateCol_Contact_Company","x":512,"y":3712,"persistWorkflow":false,"loadWorkflowContext":false,"saveWorkflowContext":false,"properties":[{"$id":"421","name":"ObjectType","syntax":"JavaScript","expressions":{"$id":"422","JavaScript":"return \"Contact\";"}},{"$id":"423","name":"ColumnName","syntax":"Literal","expressions":{"$id":"424","Literal":"Company"}},{"$id":"425","name":"ColumnDisplayName","syntax":"Literal","expressions":{"$id":"426","Literal":"Company"}},{"$id":"427","name":"ColumnDescription","syntax":"Literal","expressions":{"$id":"428","Literal":"Company"}},{"$id":"429","name":"ColumnTypeId","syntax":"Literal","expressions":{"$id":"430","Literal":"1"}},{"$id":"431","name":"PrincipalType","syntax":"Literal","expressions":{"$id":"432","Literal":"Customer"}},{"$id":"433","name":"DisplayOrder","syntax":"Literal","expressions":{"$id":"434","Literal":"4"}},{"$id":"435","name":"Visible","syntax":"Literal","expressions":{"$id":"436","Literal":"True"}},{"$id":"437","name":"Indexed","syntax":"Literal","expressions":{"$id":"438","Literal":"False"}}],"propertyStorageProviders":{"$id":"439"}},{"$id":"440","activityId":"CreateCol_Opportunity_Value","type":"TypeAddColumn","name":"CreateCol_Opportunity_Value","displayName":"CreateCol_Opportunity_Value","x":128,"y":3840,"persistWorkflow":false,"loadWorkflowContext":false,"saveWorkflowContext":false,"properties":[{"$id":"441","name":"ObjectType","syntax":"JavaScript","expressions":{"$id":"442","JavaScript":"return \"Opportunity\";"}},{"$id":"443","name":"ColumnName","syntax":"Literal","expressions":{"$id":"444","Literal":"Value"}},{"$id":"445","name":"ColumnDisplayName","syntax":"Literal","expressions":{"$id":"446","Literal":"Value"}},{"$id":"447","name":"ColumnDescription","syntax":"Literal","expressions":{"$id":"448","Literal":"Value"}},{"$id":"449","name":"ColumnTypeId","syntax":"Literal","expressions":{"$id":"450","Literal":"3"}},{"$id":"451","name":"DisplayOrder","syntax":"Literal","expressions":{"$id":"452","Literal":"2"}},{"$id":"453","name":"Visible","syntax":"Literal","expressions":{"$id":"454","Literal":"True"}},{"$id":"455","name":"Indexed","syntax":"Literal","expressions":{"$id":"456","Literal":"False"}}],"propertyStorageProviders":{"$id":"457"}},{"$id":"458","activityId":"CreateCol_Opportunity_CloseDate","type":"TypeAddColumn","name":"CreateCol_Opportunity_CloseDate","displayName":"CreateCol_Opportunity_CloseDate","x":256,"y":3968,"persistWorkflow":false,"loadWorkflowContext":false,"saveWorkflowContext":false,"properties":[{"$id":"459","name":"ObjectType","syntax":"JavaScript","expressions":{"$id":"460","JavaScript":"return \"Opportunity\";"}},{"$id":"461","name":"ColumnName","syntax":"Literal","expressions":{"$id":"462","Literal":"CloseDate"}},{"$id":"463","name":"ColumnDisplayName","syntax":"Literal","expressions":{"$id":"464","Literal":"Close Date"}},{"$id":"465","name":"ColumnDescription","syntax":"Literal","expressions":{"$id":"466","Literal":"Close Date"}},{"$id":"467","name":"ColumnTypeId","syntax":"Literal","expressions":{"$id":"468","Literal":"7"}},{"$id":"469","name":"DisplayOrder","syntax":"Literal","expressions":{"$id":"470","Literal":"3"}},{"$id":"471","name":"Visible","syntax":"Literal","expressions":{"$id":"472","Literal":"True"}},{"$id":"473","name":"Indexed","syntax":"Literal","expressions":{"$id":"474","Literal":"False"}}],"propertyStorageProviders":{"$id":"475"}},{"$id":"476","activityId":"CreateCol_Opportunity_NextFollouwUpBy","type":"TypeAddColumn","name":"CreateCol_Opportunity_NextFollouwUpBy","displayName":"CreateCol_Opportunity_NextFollouwUpBy","x":384,"y":4096,"persistWorkflow":false,"loadWorkflowContext":false,"saveWorkflowContext":false,"properties":[{"$id":"477","name":"ObjectType","syntax":"JavaScript","expressions":{"$id":"478","JavaScript":"return \"Opportunity\";"}},{"$id":"479","name":"ColumnName","syntax":"Literal","expressions":{"$id":"480","Literal":"NextFollouwUpBy"}},{"$id":"481","name":"ColumnDisplayName","syntax":"Literal","expressions":{"$id":"482","Literal":"Follow Up By"}},{"$id":"483","name":"ColumnDescription","syntax":"Literal","expressions":{"$id":"484","Literal":"Follow Up By"}},{"$id":"485","name":"ColumnTypeId","syntax":"Literal","expressions":{"$id":"486","Literal":"7"}},{"$id":"487","name":"DisplayOrder","syntax":"Literal","expressions":{"$id":"488","Literal":"4"}},{"$id":"489","name":"Visible","syntax":"Literal","expressions":{"$id":"490","Literal":"True"}},{"$id":"491","name":"Indexed","syntax":"Literal","expressions":{"$id":"492","Literal":"False"}}],"propertyStorageProviders":{"$id":"493"}},{"$id":"494","activityId":"CreateCol_Opportunity_NextAction","type":"TypeAddColumn","name":"CreateCol_Opportunity_NextAction","displayName":"CreateCol_Opportunity_NextAction","x":512,"y":4224,"persistWorkflow":false,"loadWorkflowContext":false,"saveWorkflowContext":false,"properties":[{"$id":"495","name":"ObjectType","syntax":"JavaScript","expressions":{"$id":"496","JavaScript":"return \"Opportunity\";"}},{"$id":"497","name":"ColumnName","syntax":"Literal","expressions":{"$id":"498","Literal":"NextAction"}},{"$id":"499","name":"ColumnDisplayName","syntax":"Literal","expressions":{"$id":"500","Literal":"Next Action"}},{"$id":"501","name":"ColumnDescription","syntax":"Literal","expressions":{"$id":"502","Literal":"Next Action"}},{"$id":"503","name":"ColumnTypeId","syntax":"Literal","expressions":{"$id":"504","Literal":"6"}},{"$id":"505","name":"DisplayOrder","syntax":"Literal","expressions":{"$id":"506","Literal":"5"}},{"$id":"507","name":"Visible","syntax":"Literal","expressions":{"$id":"508","Literal":"True"}},{"$id":"509","name":"Indexed","syntax":"Literal","expressions":{"$id":"510","Literal":"False"}}],"propertyStorageProviders":{"$id":"511"}},{"$id":"512","activityId":"CreateCol_Opportunity_Status","type":"TypeAddColumn","name":"CreateCol_Opportunity_Status","displayName":"CreateCol_Opportunity_Status","x":640,"y":4352,"persistWorkflow":false,"loadWorkflowContext":false,"saveWorkflowContext":false,"properties":[{"$id":"513","name":"ObjectType","syntax":"JavaScript","expressions":{"$id":"514","JavaScript":"return \"Opportunity\";"}},{"$id":"515","name":"ColumnName","syntax":"Literal","expressions":{"$id":"516","Literal":"Status"}},{"$id":"517","name":"ColumnDisplayName","syntax":"Literal","expressions":{"$id":"518","Literal":"Status"}},{"$id":"519","name":"ColumnDescription","syntax":"Literal","expressions":{"$id":"520","Literal":"Status"}},{"$id":"521","name":"ColumnTypeId","syntax":"Literal","expressions":{"$id":"522","Literal":"1"}},{"$id":"523","name":"PrincipalType","syntax":"Literal","expressions":{"$id":"524","Literal":"OpportunityStatus"}},{"$id":"525","name":"DisplayOrder","syntax":"Literal","expressions":{"$id":"526","Literal":"6"}},{"$id":"527","name":"Visible","syntax":"Literal","expressions":{"$id":"528","Literal":"True"}},{"$id":"529","name":"Indexed","syntax":"Literal","expressions":{"$id":"530","Literal":"False"}}],"propertyStorageProviders":{"$id":"531"}},{"$id":"532","activityId":"CreateCol_Opportunity_Customer","type":"TypeAddColumn","name":"CreateCol_Opportunity_Customer","displayName":"CreateCol_Opportunity_Customer","x":768,"y":4480,"persistWorkflow":false,"loadWorkflowContext":false,"saveWorkflowContext":false,"properties":[{"$id":"533","name":"ObjectType","syntax":"JavaScript","expressions":{"$id":"534","JavaScript":"return \"Opportunity\";"}},{"$id":"535","name":"ColumnName","syntax":"Literal","expressions":{"$id":"536","Literal":"Customer"}},{"$id":"537","name":"ColumnDisplayName","syntax":"Literal","expressions":{"$id":"538","Literal":"Customer"}},{"$id":"539","name":"ColumnDescription","syntax":"Literal","expressions":{"$id":"540","Literal":"Customer"}},{"$id":"541","name":"ColumnTypeId","syntax":"Literal","expressions":{"$id":"542","Literal":"1"}},{"$id":"543","name":"PrincipalType","syntax":"Literal","expressions":{"$id":"544","Literal":"Customer"}},{"$id":"545","name":"DisplayOrder","syntax":"Literal","expressions":{"$id":"546","Literal":"7"}},{"$id":"547","name":"Visible","syntax":"Literal","expressions":{"$id":"548","Literal":"True"}},{"$id":"549","name":"Indexed","syntax":"Literal","expressions":{"$id":"550","Literal":"False"}}],"propertyStorageProviders":{"$id":"551"}},{"$id":"552","activityId":"CreateCol_Opportunity_Contact","type":"TypeAddColumn","name":"CreateCol_Opportunity_Contact","displayName":"CreateCol_Opportunity_Contact","x":896,"y":4608,"persistWorkflow":false,"loadWorkflowContext":false,"saveWorkflowContext":false,"properties":[{"$id":"553","name":"ObjectType","syntax":"JavaScript","expressions":{"$id":"554","JavaScript":"return \"Opportunity\";"}},{"$id":"555","name":"ColumnName","syntax":"Literal","expressions":{"$id":"556","Literal":"Contact"}},{"$id":"557","name":"ColumnDisplayName","syntax":"Literal","expressions":{"$id":"558","Literal":"Contact"}},{"$id":"559","name":"ColumnDescription","syntax":"Literal","expressions":{"$id":"560","Literal":"Contact"}},{"$id":"561","name":"ColumnTypeId","syntax":"Literal","expressions":{"$id":"562","Literal":"1"}},{"$id":"563","name":"PrincipalType","syntax":"Literal","expressions":{"$id":"564","Literal":"Contact"}},{"$id":"565","name":"DisplayOrder","syntax":"Literal","expressions":{"$id":"566","Literal":"8"}},{"$id":"567","name":"Visible","syntax":"Literal","expressions":{"$id":"568","Literal":"True"}},{"$id":"569","name":"Indexed","syntax":"Literal","expressions":{"$id":"570","Literal":"False"}}],"propertyStorageProviders":{"$id":"571"}},{"$id":"572","activityId":"CreateCol_Opportunity_OrigLead","type":"TypeAddColumn","name":"CreateCol_Opportunity_OrigLead","displayName":"CreateCol_Opportunity_OrigLead","x":1024,"y":4736,"persistWorkflow":false,"loadWorkflowContext":false,"saveWorkflowContext":false,"properties":[{"$id":"573","name":"ObjectType","syntax":"JavaScript","expressions":{"$id":"574","JavaScript":"return \"Opportunity\";"}},{"$id":"575","name":"ColumnName","syntax":"Literal","expressions":{"$id":"576","Literal":"OrigLead"}},{"$id":"577","name":"ColumnDisplayName","syntax":"Literal","expressions":{"$id":"578","Literal":"Original Lead"}},{"$id":"579","name":"ColumnDescription","syntax":"Literal","expressions":{"$id":"580","Literal":"Original Lead"}},{"$id":"581","name":"ColumnTypeId","syntax":"Literal","expressions":{"$id":"582","Literal":"1"}},{"$id":"583","name":"PrincipalType","syntax":"Literal","expressions":{"$id":"584","Literal":"Lead"}},{"$id":"585","name":"DisplayOrder","syntax":"Literal","expressions":{"$id":"586","Literal":"9"}},{"$id":"587","name":"Visible","syntax":"Literal","expressions":{"$id":"588","Literal":"True"}},{"$id":"589","name":"Indexed","syntax":"Literal","expressions":{"$id":"590","Literal":"False"}}],"propertyStorageProviders":{"$id":"591"}}],"connections":[{"$id":"592","sourceActivityId":"CreateType_Lead","targetActivityId":"CreateType_LeadStatus","outcome":"Faulted"},{"$id":"593","sourceActivityId":"CreateType_Lead","targetActivityId":"CreateType_LeadStatus","outcome":"Success"},{"$id":"594","sourceActivityId":"CreateType_LeadStatus","targetActivityId":"CreateType_Customer","outcome":"Faulted"},{"$id":"595","sourceActivityId":"CreateType_LeadStatus","targetActivityId":"CreateType_Customer","outcome":"Success"},{"$id":"596","sourceActivityId":"CreateType_Customer","targetActivityId":"CreateType_Contact","outcome":"Faulted"},{"$id":"597","sourceActivityId":"CreateType_Customer","targetActivityId":"CreateType_Contact","outcome":"Success"},{"$id":"598","sourceActivityId":"CreateType_Contact","targetActivityId":"CreateType_Opportunity","outcome":"Faulted"},{"$id":"599","sourceActivityId":"CreateType_Contact","targetActivityId":"CreateType_Opportunity","outcome":"Success"},{"$id":"600","sourceActivityId":"CreateType_Opportunity","targetActivityId":"CreateType_OpportunityStatus","outcome":"Faulted"},{"$id":"601","sourceActivityId":"CreateType_Opportunity","targetActivityId":"CreateType_OpportunityStatus","outcome":"Success"},{"$id":"602","sourceActivityId":"CreateType_OpportunityStatus","targetActivityId":"CreateCol_Lead_FullName","outcome":"Success"},{"$id":"603","sourceActivityId":"CreateType_OpportunityStatus","targetActivityId":"CreateCol_Lead_FullName","outcome":"Failed"},{"$id":"604","sourceActivityId":"CreateCol_Lead_FullName","targetActivityId":"CreateCol_Lead_Company","outcome":"Success"},{"$id":"605","sourceActivityId":"CreateCol_Lead_FullName","targetActivityId":"CreateCol_Lead_Company","outcome":"Failed"},{"$id":"606","sourceActivityId":"CreateCol_Lead_Company","targetActivityId":"CreateCol_Lead_StreetAddress","outcome":"Success"},{"$id":"607","sourceActivityId":"CreateCol_Lead_Company","targetActivityId":"CreateCol_Lead_StreetAddress","outcome":"Failed"},{"$id":"608","sourceActivityId":"CreateCol_Lead_StreetAddress","targetActivityId":"CreateCol_Lead_City","outcome":"Success"},{"$id":"609","sourceActivityId":"CreateCol_Lead_StreetAddress","targetActivityId":"CreateCol_Lead_City","outcome":"Failed"},{"$id":"610","sourceActivityId":"CreateCol_Lead_City","targetActivityId":"CreateCol_Lead_State","outcome":"Success"},{"$id":"611","sourceActivityId":"CreateCol_Lead_City","targetActivityId":"CreateCol_Lead_State","outcome":"Failed"},{"$id":"612","sourceActivityId":"CreateCol_Lead_State","targetActivityId":"CreateCol_Lead_PostCode","outcome":"Success"},{"$id":"613","sourceActivityId":"CreateCol_Lead_State","targetActivityId":"CreateCol_Lead_PostCode","outcome":"Failed"},{"$id":"614","sourceActivityId":"CreateCol_Lead_PostCode","targetActivityId":"CreateCol_Lead_Email","outcome":"Success"},{"$id":"615","sourceActivityId":"CreateCol_Lead_PostCode","targetActivityId":"CreateCol_Lead_Email","outcome":"Failed"},{"$id":"616","sourceActivityId":"CreateCol_Lead_Email","targetActivityId":"CreateCol_Lead_Phone","outcome":"Success"},{"$id":"617","sourceActivityId":"CreateCol_Lead_Email","targetActivityId":"CreateCol_Lead_Phone","outcome":"Failed"},{"$id":"618","sourceActivityId":"CreateCol_Lead_Phone","targetActivityId":"CreateCol_Lead_Value","outcome":"Success"},{"$id":"619","sourceActivityId":"CreateCol_Lead_Phone","targetActivityId":"CreateCol_Lead_Value","outcome":"Failed"},{"$id":"620","sourceActivityId":"CreateCol_Lead_Value","targetActivityId":"CreateCol_Lead_CloseDate","outcome":"Success"},{"$id":"621","sourceActivityId":"CreateCol_Lead_Value","targetActivityId":"CreateCol_Lead_CloseDate","outcome":"Failed"},{"$id":"622","sourceActivityId":"CreateCol_Lead_CloseDate","targetActivityId":"CreateCol_Lead_Status","outcome":"Success"},{"$id":"623","sourceActivityId":"CreateCol_Lead_CloseDate","targetActivityId":"CreateCol_Lead_Status","outcome":"Failed"},{"$id":"624","sourceActivityId":"CreateCol_Lead_Status","targetActivityId":"CreateCol_Lead_Description","outcome":"Success"},{"$id":"625","sourceActivityId":"CreateCol_Lead_Status","targetActivityId":"CreateCol_Lead_Description","outcome":"Failed"},{"$id":"626","sourceActivityId":"CreateCol_Lead_Description","targetActivityId":"CreateCol_Customer_Name","outcome":"Success"},{"$id":"627","sourceActivityId":"CreateCol_Lead_Description","targetActivityId":"CreateCol_Customer_Name","outcome":"Failed"},{"$id":"628","sourceActivityId":"CreateCol_Customer_Name","targetActivityId":"CreateCol_Customer_StreetAddress","outcome":"Success"},{"$id":"629","sourceActivityId":"CreateCol_Customer_Name","targetActivityId":"CreateCol_Customer_StreetAddress","outcome":"Failed"},{"$id":"630","sourceActivityId":"CreateCol_Customer_StreetAddress","targetActivityId":"CreateCol_Customer_City","outcome":"Success"},{"$id":"631","sourceActivityId":"CreateCol_Customer_StreetAddress","targetActivityId":"CreateCol_Customer_City","outcome":"Failed"},{"$id":"632","sourceActivityId":"CreateCol_Customer_City","targetActivityId":"CreateCol_Customer_State","outcome":"Success"},{"$id":"633","sourceActivityId":"CreateCol_Customer_City","targetActivityId":"CreateCol_Customer_State","outcome":"Failed"},{"$id":"634","sourceActivityId":"CreateCol_Customer_State","targetActivityId":"CreateCol_Customer_PostalCode","outcome":"Success"},{"$id":"635","sourceActivityId":"CreateCol_Customer_State","targetActivityId":"CreateCol_Customer_PostalCode","outcome":"Failed"},{"$id":"636","sourceActivityId":"CreateCol_Customer_PostalCode","targetActivityId":"CreateCol_Customer_Phone","outcome":"Success"},{"$id":"637","sourceActivityId":"CreateCol_Customer_PostalCode","targetActivityId":"CreateCol_Customer_Phone","outcome":"Failed"},{"$id":"638","sourceActivityId":"CreateCol_Customer_Phone","targetActivityId":"CreateCol_Contact_FullName","outcome":"Success"},{"$id":"639","sourceActivityId":"CreateCol_Customer_Phone","targetActivityId":"CreateCol_Contact_FullName","outcome":"Failed"},{"$id":"640","sourceActivityId":"CreateCol_Contact_FullName","targetActivityId":"CreateCol_Contact_Email","outcome":"Success"},{"$id":"641","sourceActivityId":"CreateCol_Contact_FullName","targetActivityId":"CreateCol_Contact_Email","outcome":"Failed"},{"$id":"642","sourceActivityId":"CreateCol_Contact_Email","targetActivityId":"CreateCol_Contact_Phone","outcome":"Success"},{"$id":"643","sourceActivityId":"CreateCol_Contact_Email","targetActivityId":"CreateCol_Contact_Phone","outcome":"Failed"},{"$id":"644","sourceActivityId":"CreateCol_Contact_Phone","targetActivityId":"CreateCol_Contact_Company","outcome":"Success"},{"$id":"645","sourceActivityId":"CreateCol_Contact_Phone","targetActivityId":"CreateCol_Contact_Company","outcome":"Failed"},{"$id":"646","sourceActivityId":"CreateCol_Contact_Company","targetActivityId":"CreateCol_Opportunity_Value","outcome":"Success"},{"$id":"647","sourceActivityId":"CreateCol_Contact_Company","targetActivityId":"CreateCol_Opportunity_Value","outcome":"Failed"},{"$id":"648","sourceActivityId":"CreateCol_Opportunity_Value","targetActivityId":"CreateCol_Opportunity_CloseDate","outcome":"Success"},{"$id":"649","sourceActivityId":"CreateCol_Opportunity_Value","targetActivityId":"CreateCol_Opportunity_CloseDate","outcome":"Failed"},{"$id":"650","sourceActivityId":"CreateCol_Opportunity_CloseDate","targetActivityId":"CreateCol_Opportunity_NextFollouwUpBy","outcome":"Success"},{"$id":"651","sourceActivityId":"CreateCol_Opportunity_CloseDate","targetActivityId":"CreateCol_Opportunity_NextFollouwUpBy","outcome":"Failed"},{"$id":"652","sourceActivityId":"CreateCol_Opportunity_NextFollouwUpBy","targetActivityId":"CreateCol_Opportunity_NextAction","outcome":"Success"},{"$id":"653","sourceActivityId":"CreateCol_Opportunity_NextFollouwUpBy","targetActivityId":"CreateCol_Opportunity_NextAction","outcome":"Failed"},{"$id":"654","sourceActivityId":"CreateCol_Opportunity_NextAction","targetActivityId":"CreateCol_Opportunity_Status","outcome":"Success"},{"$id":"655","sourceActivityId":"CreateCol_Opportunity_NextAction","targetActivityId":"CreateCol_Opportunity_Status","outcome":"Failed"},{"$id":"656","sourceActivityId":"CreateCol_Opportunity_Status","targetActivityId":"CreateCol_Opportunity_Customer","outcome":"Success"},{"$id":"657","sourceActivityId":"CreateCol_Opportunity_Status","targetActivityId":"CreateCol_Opportunity_Customer","outcome":"Failed"},{"$id":"658","sourceActivityId":"CreateCol_Opportunity_Customer","targetActivityId":"CreateCol_Opportunity_Contact","outcome":"Success"},{"$id":"659","sourceActivityId":"CreateCol_Opportunity_Customer","targetActivityId":"CreateCol_Opportunity_Contact","outcome":"Failed"},{"$id":"660","sourceActivityId":"CreateCol_Opportunity_Contact","targetActivityId":"CreateCol_Opportunity_OrigLead","outcome":"Success"},{"$id":"661","sourceActivityId":"CreateCol_Opportunity_Contact","targetActivityId":"CreateCol_Opportunity_OrigLead","outcome":"Failed"}],"id":"1"}