{"$id":"1","definitionId":"b3161e30ac6b4de4b4ff3ed9b938f617","versionId":"588166ee9c3547a3a1e2dd74e5b20bfc","displayName":"CRM-VIEWS","description":"SETUPVIEWS_CRM","version":1,"variables":{"$id":"2","data":{}},"customAttributes":{"$id":"3","data":{}},"isSingleton":false,"persistenceBehavior":"WorkflowBurst","deleteCompletedInstances":false,"isPublished":true,"isLatest":true,"createdAt":"2023-12-05T06:12:08.006454Z","activities":[{"$id":"4","activityId":"CreateView_Leads","type":"SolutionsViewsAdd","name":"CreateView_Leads","displayName":"CreateView_Leads","description":"CreateView_Leads","x":128,"y":4992,"persistWorkflow":false,"loadWorkflowContext":false,"saveWorkflowContext":false,"properties":[{"$id":"5","name":"ViewName","syntax":"Literal","expressions":{"$id":"6","Literal":"Leads"}},{"$id":"7","name":"ObjectType","syntax":"JavaScript","expressions":{"$id":"8","JavaScript":"return \"Lead\";"}},{"$id":"9","name":"ViewDescription","syntax":"Literal","expressions":{"$id":"10","Literal":"All Leads"}},{"$id":"11","name":"Query","syntax":"Literal","expressions":{"$id":"12","Literal":""}},{"$id":"13","name":"Orderings","syntax":"JavaScript","expressions":{"$id":"14","JavaScript":"[]"}},{"$id":"15","name":"Filter","syntax":"Literal","expressions":{"$id":"16","Literal":"Status eq 1 or Status eq 2"}},{"$id":"17","name":"Projection","syntax":"JavaScript","expressions":{"$id":"18","JavaScript":"[]"}}],"propertyStorageProviders":{"$id":"19"}},{"$id":"20","activityId":"114689a0-8e55-4a14-a940-392f636c6ea6","type":"ObjectInstanceCreate","displayName":"Create Object Instance","x":560,"y":5000,"persistWorkflow":false,"loadWorkflowContext":false,"saveWorkflowContext":false,"properties":[{"$id":"21","name":"ObjectType","syntax":"Literal","expressions":{"$id":"22","Literal":"2"}},{"$id":"23","name":"Values","expressions":{"$id":"24","Json":"{\"Title\":\"New\"}"}},{"$id":"25","name":"VariableName","expressions":{"$id":"26"}}],"propertyStorageProviders":{"$id":"27"}},{"$id":"28","activityId":"42422b73-c67c-45e9-8549-838a51af8a15","type":"ObjectInstanceCreate","displayName":"Create Object Instance","x":600,"y":5100,"persistWorkflow":false,"loadWorkflowContext":false,"saveWorkflowContext":false,"properties":[{"$id":"29","name":"ObjectType","syntax":"Literal","expressions":{"$id":"30","Literal":"2"}},{"$id":"31","name":"Values","expressions":{"$id":"32","Json":"{\"Title\":\"Assigned\"}"}},{"$id":"33","name":"VariableName","expressions":{"$id":"34"}}],"propertyStorageProviders":{"$id":"35"}},{"$id":"36","activityId":"7db86c74-0f4e-4981-bc9a-2849285cda62","type":"ObjectInstanceCreate","displayName":"Create Object Instance","x":660,"y":5200,"persistWorkflow":false,"loadWorkflowContext":false,"saveWorkflowContext":false,"properties":[{"$id":"37","name":"ObjectType","syntax":"Literal","expressions":{"$id":"38","Literal":"2"}},{"$id":"39","name":"Values","expressions":{"$id":"40","Json":"{\"Title\":\"Qualified\"}"}},{"$id":"41","name":"VariableName","expressions":{"$id":"42"}}],"propertyStorageProviders":{"$id":"43"}},{"$id":"44","activityId":"0067d564-ef90-42eb-96dc-3449c9ea62e4","type":"ObjectInstanceCreate","displayName":"Create Object Instance","x":700,"y":5300,"persistWorkflow":false,"loadWorkflowContext":false,"saveWorkflowContext":false,"properties":[{"$id":"45","name":"ObjectType","syntax":"Literal","expressions":{"$id":"46","Literal":"2"}},{"$id":"47","name":"Values","expressions":{"$id":"48","Json":"{\"Title\":\"Closed - Lost\"}"}},{"$id":"49","name":"VariableName","expressions":{"$id":"50"}}],"propertyStorageProviders":{"$id":"51"}},{"$id":"52","activityId":"5f5ebdbd-b5b2-4f1a-9f6a-52fd1de43b33","type":"ObjectInstanceCreate","displayName":"Create Object Instance","x":800,"y":5400,"persistWorkflow":false,"loadWorkflowContext":false,"saveWorkflowContext":false,"properties":[{"$id":"53","name":"ObjectType","syntax":"Literal","expressions":{"$id":"54","Literal":"2"}},{"$id":"55","name":"Values","expressions":{"$id":"56","Json":"{\"Title\":\"On Hold\"}"}},{"$id":"57","name":"VariableName","expressions":{"$id":"58"}}],"propertyStorageProviders":{"$id":"59"}},{"$id":"60","activityId":"2c7fe6a9-03ff-4d7a-8c75-2104780ffcdf","type":"ObjectInstanceCreate","displayName":"Create Object Instance","x":260,"y":5520,"persistWorkflow":false,"loadWorkflowContext":false,"saveWorkflowContext":false,"properties":[{"$id":"61","name":"ObjectType","syntax":"Literal","expressions":{"$id":"62","Literal":"6"}},{"$id":"63","name":"Values","expressions":{"$id":"64","Json":"{\"Title\":\"Assigned\"}"}},{"$id":"65","name":"VariableName","expressions":{"$id":"66"}}],"propertyStorageProviders":{"$id":"67"}},{"$id":"68","activityId":"d74792fc-8979-45b0-b795-d24fa11b033a","type":"ObjectInstanceCreate","displayName":"Create Object Instance","x":300,"y":5620,"persistWorkflow":false,"loadWorkflowContext":false,"saveWorkflowContext":false,"properties":[{"$id":"69","name":"ObjectType","syntax":"Literal","expressions":{"$id":"70","Literal":"6"}},{"$id":"71","name":"Values","expressions":{"$id":"72","Json":"{\"Title\":\"Proposal Sent\"}"}},{"$id":"73","name":"VariableName","expressions":{"$id":"74"}}],"propertyStorageProviders":{"$id":"75"}},{"$id":"76","activityId":"87a2eb9f-a644-4592-a23b-a9767448bb72","type":"ObjectInstanceCreate","displayName":"Create Object Instance","x":400,"y":5720,"persistWorkflow":false,"loadWorkflowContext":false,"saveWorkflowContext":false,"properties":[{"$id":"77","name":"ObjectType","syntax":"Literal","expressions":{"$id":"78","Literal":"6"}},{"$id":"79","name":"Values","expressions":{"$id":"80","Json":"{\"Title\":\"Closed - Won\"}"}},{"$id":"81","name":"VariableName","expressions":{"$id":"82"}}],"propertyStorageProviders":{"$id":"83"}},{"$id":"84","activityId":"b61ac10b-769d-4770-acc2-4aa0ff1d90e4","type":"ObjectInstanceCreate","displayName":"Create Object Instance","x":480,"y":5840,"persistWorkflow":false,"loadWorkflowContext":false,"saveWorkflowContext":false,"properties":[{"$id":"85","name":"ObjectType","syntax":"Literal","expressions":{"$id":"86","Literal":"6"}},{"$id":"87","name":"Values","expressions":{"$id":"88","Json":"{\"Title\":\"Closed - Lost\"}"}},{"$id":"89","name":"VariableName","expressions":{"$id":"90"}}],"propertyStorageProviders":{"$id":"91"}},{"$id":"92","activityId":"e5d6d7b2-2bc8-4083-bf34-06327d975059","type":"ObjectInstanceCreate","displayName":"Create Object Instance","x":580,"y":5940,"persistWorkflow":false,"loadWorkflowContext":false,"saveWorkflowContext":false,"properties":[{"$id":"93","name":"ObjectType","syntax":"Literal","expressions":{"$id":"94","Literal":"6"}},{"$id":"95","name":"Values","expressions":{"$id":"96","Json":"{\"Title\":\"On Hold\"}"}},{"$id":"97","name":"VariableName","expressions":{"$id":"98"}}],"propertyStorageProviders":{"$id":"99"}}],"connections":[{"$id":"100","sourceActivityId":"CreateView_Leads","targetActivityId":"114689a0-8e55-4a14-a940-392f636c6ea6","outcome":"Success"},{"$id":"101","sourceActivityId":"114689a0-8e55-4a14-a940-392f636c6ea6","targetActivityId":"42422b73-c67c-45e9-8549-838a51af8a15","outcome":"Done"},{"$id":"102","sourceActivityId":"7db86c74-0f4e-4981-bc9a-2849285cda62","targetActivityId":"0067d564-ef90-42eb-96dc-3449c9ea62e4","outcome":"Done"},{"$id":"103","sourceActivityId":"42422b73-c67c-45e9-8549-838a51af8a15","targetActivityId":"7db86c74-0f4e-4981-bc9a-2849285cda62","outcome":"Done"},{"$id":"104","sourceActivityId":"0067d564-ef90-42eb-96dc-3449c9ea62e4","targetActivityId":"5f5ebdbd-b5b2-4f1a-9f6a-52fd1de43b33","outcome":"Done"},{"$id":"105","sourceActivityId":"2c7fe6a9-03ff-4d7a-8c75-2104780ffcdf","targetActivityId":"d74792fc-8979-45b0-b795-d24fa11b033a","outcome":"Done"},{"$id":"106","sourceActivityId":"d74792fc-8979-45b0-b795-d24fa11b033a","targetActivityId":"87a2eb9f-a644-4592-a23b-a9767448bb72","outcome":"Done"},{"$id":"107","sourceActivityId":"87a2eb9f-a644-4592-a23b-a9767448bb72","targetActivityId":"b61ac10b-769d-4770-acc2-4aa0ff1d90e4","outcome":"Done"},{"$id":"108","sourceActivityId":"b61ac10b-769d-4770-acc2-4aa0ff1d90e4","targetActivityId":"e5d6d7b2-2bc8-4083-bf34-06327d975059","outcome":"Done"},{"$id":"109","sourceActivityId":"5f5ebdbd-b5b2-4f1a-9f6a-52fd1de43b33","targetActivityId":"2c7fe6a9-03ff-4d7a-8c75-2104780ffcdf","outcome":"Done"},{"$id":"110","sourceActivityId":"CreateView_Leads","targetActivityId":"114689a0-8e55-4a14-a940-392f636c6ea6","outcome":"Faulted"},{"$id":"111","sourceActivityId":"CreateView_Leads","targetActivityId":"114689a0-8e55-4a14-a940-392f636c6ea6","outcome":"Object type not found"}],"id":"588166ee9c3547a3a1e2dd74e5b20bfc"}